Date,ISIN,Symbol,Price,Source
2025-04-23,INE022I01019,ASIANTILES.NS,46.34000015258789,yfinance
2025-04-23,INE021A01026,ASIANPAINT.NS,2453.10009765625,yfinance
2025-04-23,INE406A01037,AUROPHARMA.NS,1246.800048828125,yfinance
2025-04-23,INE119A01028,BALRAMCHIN.NS,589.75,yfinance
2025-04-23,INE791I01019,BRIGADE.NS,1048.75,yfinance
2025-04-23,INE120A01034,CARBORUNIV.NS,1076.5999755859375,yfinance
2025-04-23,INE348B01021,CENTURYPLY.NS,731.7000122070312,yfinance
2025-04-23,INE522F01014,COALINDIA.NS,398.9500122070313,yfinance
2025-04-23,INE158B01016,EIMCOELECO.NS,1841.800048828125,yfinance
2025-04-23,INE158A01026,HEROMOTOCO.NS,3940.5,yfinance
2025-04-23,INE483B01026,ICIL.NS,308.3500061035156,yfinance
2025-04-23,INE154A01025,ITC.NS,430.8500061035156,yfinance
2025-04-23,INE786A01032,JKLAKSHMI.NS,799.7999877929688,yfinance
2025-04-23,INE318A01026,PIDILITIND.NS,3066.89990234375,yfinance
2025-04-23,INE343B01030,RAJESHEXPO.NS,199.72999572753903,yfinance
2025-04-23,INE343H01029,SOLARINDS.NS,13084.0,yfinance
2025-04-23,INE467B01029,TCS.NS,3413.0,yfinance
2025-04-23,INE155A01022,TATAMOTORS.NS,659.9000244140625,yfinance
2025-04-23,INE081A01012,TATASTEEL.NS,141.16000366210938,yfinance
2025-04-23,INE205A01025,VEDL.NS,418.2000122070313,yfinance
2025-04-23,INE540H01012,VOLTAMP.NS,7812.0,yfinance
2025-04-23,INE366I01010,VRLLOG.NS,482.2999877929687,yfinance
2025-04-23,INE976A01021,WSTCSTPAPR.NS,447.3500061035156,yfinance
2025-04-23,INE031B01049,AJANTPHARM.NS,2688.89990234375,yfinance
2025-04-23,INE917I01010,BAJAJ-AUTO.NS,8261.5,yfinance
2025-04-23,INE016A01026,DABUR.NS,486.2000122070313,yfinance
2025-04-23,INE267A01025,HINDZINC.NS,449.0499877929687,yfinance
2025-04-23,INE001B01026,KRBL.NS,316.25,yfinance
2025-04-23,INE030A01027,HINDUNILVR.NS,2423.800048828125,yfinance
2025-04-23,INE203G01027,IGL.NS,185.5099945068359,yfinance
2025-04-23,INE018A01030,LT.NS,3301.0,yfinance
2025-04-23,INE134E01011,PFC.NS,433.1000061035156,yfinance
2025-04-23,INE092A01019,TATACHEM.NS,857.5999755859375,yfinance
2025-04-23,INE192A01025,TATACONSUM.NS,1150.0999755859375,yfinance
2025-04-23,INE280A01028,TITAN.NS,3357.300048828125,yfinance
2025-04-23,INE437A01024,APOLLOHOSP.NS,7142.0,yfinance
2025-04-23,INE296A01024,BAJFINANCE.NS,9323.0,yfinance
2025-04-23,INE397D01024,BHARTIARTL.NS,1881.5999755859375,yfinance
2025-04-23,INE216A01030,BRITANNIA.NS,5544.2998046875,yfinance
2025-04-23,INE059A01026,CIPLA.NS,1533.699951171875,yfinance
2025-04-23,INE361B01024,DIVISLAB.NS,5924.5,yfinance
2025-04-23,INE040A01034,HDFCBANK.NS,1923.9000244140625,yfinance
2025-04-23,INE090A01021,ICICIBANK.NS,1424.4000244140625,yfinance
2025-04-23,INE095A01012,INDUSINDBK.NS,794.2000122070312,yfinance
2025-04-23,INE009A01021,INFY.NS,1474.9000244140625,yfinance
2025-04-23,INE646L01027,INDIGO.NS,5558.5,yfinance
2025-04-23,INE585B01010,MARUTI.NS,11907.0,yfinance
2025-04-23,INE733E01010,NTPC.NS,363.7999877929687,yfinance
2025-04-23,INE213A01029,ONGC.NS,252.1699981689453,yfinance
2025-04-23,INE301A01014,RAYMOND.NS,1550.5,yfinance
2025-04-23,INE002A01018,RELIANCE.NS,1300.0,yfinance
2025-04-23,INE621L01012,TEXRAIL.NS,152.0399932861328,yfinance
2025-04-23,INE849A01020,TRENT.NS,5329.0,yfinance
2025-04-24,INE144J01027,20MICRONS.NS,227.47999572753906,yfinance
2025-04-24,INE253B01015,21STCENMGM.NS,79.13999938964844,yfinance
2025-04-24,INE470A01017,3MINDIA.NS,29995.0,yfinance
2025-04-24,INE105C01023,3PLAND.NS,43.11000061035156,yfinance
2025-04-24,INE618L01018,5PAISA.NS,387.3999938964844,yfinance
2025-04-24,INE111B01023,63MOONS.NS,716.7000122070312,yfinance
2025-04-24,INE619I01012,A2ZINFRA.NS,14.960000038146973,yfinance
2025-04-24,INE087Z01016,AAKASH.NS,8.65999984741211,yfinance
2025-04-24,INE721Z01010,AARON.NS,353.20001220703125,yfinance
2025-04-24,INE767A01016,AARTIDRUGS.NS,364.6000061035156,yfinance
2025-04-24,INE769A01020,AARTIIND.NS,432.8500061035156,yfinance
2025-04-24,INE09EO01013,AARTISURF.NS,456.3500061035156,yfinance
2025-04-24,INE273D01019,AARVEEDEN.NS,139.0399932861328,yfinance
2025-04-24,INE754X01016,AARVI.NS,112.26000213623047,yfinance
2025-04-24,INE216P01012,AAVAS.NS,2119.39990234375,yfinance
2025-04-24,INE421A01028,ABAN.NS,39.77000045776367,yfinance
2025-04-24,INE117A01022,ABB.NS,5713.0,yfinance
2025-04-24,INE358A01014,ABBOTINDIA.NS,30470.0,yfinance
2025-04-24,INE674K01013,ABCAPITAL.NS,207.97999572753906,yfinance
2025-04-24,INE647O01011,ABFRL.NS,272.8999938964844,yfinance
2025-04-24,INE012A01025,ACC.NS,2051.89990234375,yfinance
2025-04-24,INE793A01012,ACCELYA.NS,1368.300048828125,yfinance
2025-04-24,INE648Z01015,ACCURACY.NS,8.670000076293945,yfinance
2025-04-24,INE731H01025,ACE.NS,1245.9000244140625,yfinance
2025-04-24,INE423A01024,ADANIENT.NS,2453.60009765625,yfinance
2025-04-24,INE364U01010,ADANIGREEN.NS,952.5,yfinance
2025-04-24,INE742F01042,ADANIPORTS.NS,1239.0999755859375,yfinance
2025-04-24,INE814H01011,ADANIPOWER.NS,579.4000244140625,yfinance
2025-04-24,INE982B01019,ADFFOODS.NS,231.97000122070312,yfinance
2025-04-24,INE0CHO01012,ADL.NS,105.2300033569336,yfinance
2025-04-24,INE737B01033,ADROITINFO.NS,13.010000228881836,yfinance
2025-04-24,INE102I01027,ADSL.NS,199.97000122070312,yfinance
2025-04-24,INE199C01026,ADVANIHOTR.NS,62.040000915527344,yfinance
2025-04-24,INE837H01020,ADVENZYMES.NS,296.6000061035156,yfinance
2025-04-24,INE00WC01019,AFFLE.NS,1593.0,yfinance
2025-04-24,INE204E01012,AGARIND.NS,1030.1500244140625,yfinance
2025-04-24,INE449G01018,AGRITECH.NS,171.47999572753906,yfinance
2025-04-24,INE740V01019,AGROPHOS.NS,34.369998931884766,yfinance
2025-04-24,INE926K01017,AHLEAST.NS,140.05999755859375,yfinance
2025-04-24,INE758C01029,AHLUCONT.NS,892.0999755859375,yfinance
2025-04-24,INE212H01026,AIAENG.NS,3132.699951171875,yfinance
2025-04-24,INE645W01026,AIRAN.NS,28.709999084472656,yfinance
2025-04-24,INE031B01049,AJANTPHARM.NS,2688.89990234375,yfinance
2025-04-24,INE298G01027,AJMERA.NS,867.5,yfinance
2025-04-24,INE737W01013,AKASH.NS,28.229999542236328,yfinance
2025-04-24,INE542B01011,AKSHARCHEM.NS,230.88999938964844,yfinance
2025-04-24,INE523B01011,AKSHOPTFBR.NS,11.6899995803833,yfinance
2025-04-24,INE133A01011,AKZOINDIA.NS,3414.39990234375,yfinance
2025-04-24,INE914E01040,ALANKIT.NS,14.960000038146973,yfinance
2025-04-24,INE155C01010,ALBERTDAVD.NS,872.2000122070312,yfinance
2025-04-24,INE426A01027,ALEMBICLTD.NS,107.05999755859375,yfinance
2025-04-24,INE062D01024,ALICON.NS,698.4500122070312,yfinance
2025-04-24,INE773I01017,ALKALI.NS,91.36000061035156,yfinance
2025-04-24,INE540L01014,ALKEM.NS,5233.0,yfinance
2025-04-24,INE150B01021,ALKYLAMINE.NS,1857.4000244140625,yfinance
2025-04-24,INE418H01029,ALLCARGO.NS,30.75,yfinance
2025-04-24,INE326B01027,ALMONDZ.NS,24.920000076293945,yfinance
2025-04-24,INE270A01029,ALOKINDS.NS,18.6200008392334,yfinance
2025-04-24,INE385I01010,ALPA.NS,110.58000183105469,yfinance
2025-04-24,INE137C01018,ALPHAGEO.NS,260.32000732421875,yfinance
2025-04-24,INE093B01015,ALPSINDUS.NS,2.7200000286102295,yfinance
2025-04-24,INE371P01015,AMBER.NS,6606.0,yfinance
2025-04-24,INE540G01014,AMBIKCO.NS,1408.300048828125,yfinance
2025-04-24,INE079A01024,AMBUJACEM.NS,574.3499755859375,yfinance
2025-04-24,INE005I01014,AMDIND.NS,48.90999984741211,yfinance
2025-04-24,INE606A01024,AMJLAND.NS,50.84000015258789,yfinance
2025-04-24,INE098F01031,AMRUTANJAN.NS,670.1500244140625,yfinance
2025-04-24,INE242C01024,ANANTRAJ.NS,497.1000061035156,yfinance
2025-04-24,INE435A01028,ANDHRAPAP.NS,76.55999755859375,yfinance
2025-04-24,INE715B01013,ANDHRSUGAR.NS,72.94000244140625,yfinance
2025-04-24,INE087B01017,ANIKINDS.NS,117.91000366210938,yfinance
2025-04-24,INE436A01026,ANSALAPI.NS,4.400000095367432,yfinance
2025-04-24,INE294Z01018,ANUP.NS,3158.699951171875,yfinance
2025-04-24,INE372A01015,APARINDS.NS,5342.0,yfinance
2025-04-24,INE071F01012,APCL.NS,134.16000366210938,yfinance
2025-04-24,INE116A01032,APCOTEXIND.NS,329.75,yfinance
2025-04-24,INE346W01013,APEX.NS,217.57000732421875,yfinance
2025-04-24,INE702C01027,APLAPOLLO.NS,1623.800048828125,yfinance
2025-04-24,INE901L01018,APLLTD.NS,883.7999877929688,yfinance
2025-04-24,INE713T01010,APOLLO.NS,117.87999725341797,yfinance
2025-04-24,INE437A01024,APOLLOHOSP.NS,7142.0,yfinance
2025-04-24,INE126J01016,APOLLOPIPE.NS,396.54998779296875,yfinance
2025-04-24,INE438A01022,APOLLOTYRE.NS,460.1499938964844,yfinance
2025-04-24,INE451F01024,APOLSINHOT.NS,1356.300048828125,yfinance
2025-04-24,INE266F01018,APTECHT.NS,157.52000427246094,yfinance
2025-04-24,INE877I01016,ARCHIDPLY.NS,96.91000366210938,yfinance
2025-04-24,INE731A01020,ARCHIES.NS,19.850000381469727,yfinance
2025-04-24,INE610C01014,ARENTERP.NS,41.9900016784668,yfinance
2025-04-24,INE298I01015,ARIES.NS,271.20001220703125,yfinance
2025-04-24,INE643K01018,ARIHANTSUP.NS,390.3500061035156,yfinance
2025-04-24,INE109C01017,ARMANFIN.NS,1727.0,yfinance
2025-04-24,INE210C01013,AROGRANITE.NS,36.540000915527344,yfinance
2025-04-24,INE570D01018,ARROWGREEN.NS,663.6500244140625,yfinance
2025-04-24,INE968D01022,ARSHIYA.NS,3.069999933242798,yfinance
2025-04-24,INE025R01013,ARTEMISMED.NS,278.1499938964844,yfinance
2025-04-24,INE034A01011,ARVIND.NS,388.1499938964844,yfinance
2025-04-24,INE955V01021,ARVINDFASN.NS,420.95001220703125,yfinance
2025-04-24,INE034S01021,ARVSMART.NS,707.3499755859375,yfinance
2025-04-24,INE439A01020,ASAHIINDIA.NS,705.5999755859375,yfinance
2025-04-24,INE228I01012,ASAHISONG.NS,373.6000061035156,yfinance
2025-04-24,INE900C01027,ASAL.NS,510.8500061035156,yfinance
2025-04-24,INE073G01016,ASALCBR.NS,1288.4000244140625,yfinance
2025-04-24,INE348A01023,ASHAPURMIN.NS,373.6499938964844,yfinance
2025-04-24,INE365D01021,ASHIANA.NS,263.8500061035156,yfinance
2025-04-24,INE440A01010,ASHIMASYN.NS,30.209999084472656,yfinance
2025-04-24,INE442H01029,ASHOKA.NS,199.25,yfinance
2025-04-24,INE208A01029,ASHOKLEY.NS,230.67999267578125,yfinance
2025-04-24,INE363A01022,ASIANHOTNR.NS,372.3500061035156,yfinance
2025-04-24,INE021A01026,ASIANPAINT.NS,2453.10009765625,yfinance
2025-04-24,INE022I01019,ASIANTILES.NS,46.34000015258789,yfinance
2025-04-24,INE991I01015,ASPINWALL.NS,259.7200012207031,yfinance
2025-04-24,INE563J01010,ASTEC.NS,765.0,yfinance
2025-04-24,INE914M01019,ASTERDM.NS,505.8500061035156,yfinance
2025-04-24,INE006I01046,ASTRAL.NS,1407.5999755859375,yfinance
2025-04-24,INE386C01029,ASTRAMICRO.NS,807.25,yfinance
2025-04-24,INE203A01020,ASTRAZEN.NS,9042.0,yfinance
2025-04-24,INE646X01014,ASTRON.NS,13.850000381469727,yfinance
2025-04-24,INE399L01023,ATGL.NS,626.5,yfinance
2025-04-24,INE446A01025,ATLASCYCLE.NS,87.88999938964844,yfinance
2025-04-24,INE100A01010,ATUL.NS,6213.0,yfinance
2025-04-24,INE951D01028,ATULAUTO.NS,501.8999938964844,yfinance
2025-04-24,INE949L01017,AUBANK.NS,665.4500122070312,yfinance
2025-04-24,INE132H01018,AURIONPRO.NS,1543.4000244140625,yfinance
2025-04-24,INE406A01037,AUROPHARMA.NS,1246.800048828125,yfinance
2025-04-24,INE218C01016,AUSOMENT.NS,84.37999725341797,yfinance
2025-04-24,INE449A01011,AUTOAXLES.NS,1713.5,yfinance
2025-04-24,INE718H01014,AUTOIND.NS,83.19000244140625,yfinance
2025-04-24,INE349W01017,AVADHSUGAR.NS,562.2999877929688,yfinance
2025-04-24,INE871C01038,AVANTIFEED.NS,874.7999877929688,yfinance
2025-04-24,INE488D01021,AVTNPL.NS,63.31999969482422,yfinance
2025-04-24,INE01BK01022,AWHCL.NS,512.5,yfinance
2025-04-24,INE238A01034,AXISBANK.NS,1206.9000244140625,yfinance
2025-04-24,INE555B01013,AXISCADES.NS,823.1500244140625,yfinance
2025-04-24,INE193B01039,AYMSYNTEX.NS,218.58999633789062,yfinance
2025-04-24,INE878I01022,BAFNAPH.NS,74.0199966430664,yfinance
2025-04-24,INE116D01028,BAGFILMS.NS,6.769999980926514,yfinance
2025-04-24,INE917I01010,BAJAJ-AUTO.NS,8261.5,yfinance
2025-04-24,INE933K01021,BAJAJCON.NS,175.35000610351562,yfinance
2025-04-24,INE193E01025,BAJAJELEC.NS,567.2999877929688,yfinance
2025-04-24,INE918I01018,BAJAJFINSV.NS,2100.800048828125,yfinance
2025-04-24,INE306A01021,BAJAJHIND.NS,20.65999984741211,yfinance
2025-04-24,INE118A01012,BAJAJHLDNG.NS,12422.0,yfinance
2025-04-24,INE296A01024,BAJFINANCE.NS,9323.0,yfinance
2025-04-24,INE794B01026,BALAJITELE.NS,82.56999969482422,yfinance
2025-04-24,INE050E01027,BALAMINES.NS,1351.199951171875,yfinance
2025-04-24,INE618N01014,BALAXI.NS,62.189998626708984,yfinance
2025-04-24,INE875R01011,BALKRISHNA.NS,18.989999771118164,yfinance
2025-04-24,INE787D01026,BALKRISIND.NS,2577.0,yfinance
2025-04-24,INE164A01016,BALMLAWRIE.NS,200.99000549316406,yfinance
2025-04-24,INE083D01012,BALPHARMA.NS,111.36000061035156,yfinance
2025-04-24,INE119A01028,BALRAMCHIN.NS,589.75,yfinance
2025-04-24,INE655B01011,BANARBEADS.NS,122.37000274658203,yfinance
2025-04-24,INE459A01010,BANARISUG.NS,3879.800048828125,yfinance
2025-04-24,INE213C01025,BANCOINDIA.NS,408.75,yfinance
2025-04-24,INE545U01014,BANDHANBNK.NS,170.58999633789062,yfinance
2025-04-24,INE863I01016,BANG.NS,49.650001525878906,yfinance
2025-04-24,INE862Y01015,BANKA.NS,74.01000213623047,yfinance
2025-04-24,INE028A01039,BANKBARODA.NS,251.47000122070312,yfinance
2025-04-24,INE084A01016,BANKINDIA.NS,117.77999877929688,yfinance
2025-04-24,INE629D01012,BANSWRAS.NS,135.5399932861328,yfinance
2025-04-24,INE373A01013,BASF.NS,4600.39990234375,yfinance
2025-04-24,INE186H01014,BASML.NS,35.77000045776367,yfinance
2025-04-24,INE176A01028,BATAINDIA.NS,1231.800048828125,yfinance
2025-04-24,INE462A01022,BAYERCROP.NS,4950.7001953125,yfinance
2025-04-24,INE464A01028,BBL.NS,3091.0,yfinance
2025-04-24,INE050A01025,BBTC.NS,1965.0,yfinance
2025-04-24,INE171Z01018,BDL.NS,1427.300048828125,yfinance
2025-04-24,INE520H01022,BEARDSELL.NS,29.520000457763672,yfinance
2025-04-24,INE495P01012,BECTORFOOD.NS,1622.0,yfinance
2025-04-24,INE844K01012,BEDMUTHA.NS,167.10000610351562,yfinance
2025-04-24,INE263A01024,BEL.NS,305.8500061035156,yfinance
2025-04-24,INE258A01016,BEML.NS,3170.0,yfinance
2025-04-24,INE922A01025,BEPL.NS,114.75,yfinance
2025-04-24,INE463A01038,BERGEPAINT.NS,589.0999755859375,yfinance
2025-04-24,INE878K01010,BFINVEST.NS,522.0499877929688,yfinance
2025-04-24,INE243D01012,BFUTILITIE.NS,779.4000244140625,yfinance
2025-04-24,INE661I01014,BGRENERGY.NS,89.19999694824219,yfinance
2025-04-24,INE354C01027,BHAGERIA.NS,166.02000427246094,yfinance
2025-04-24,INE458B01036,BHAGYANGR.NS,76.12000274658203,yfinance
2025-04-24,INE474E01029,BHANDARI.NS,5.53000020980835,yfinance
2025-04-24,INE465A01025,BHARATFORG.NS,1135.5,yfinance
2025-04-24,INE561C01019,BHARATGEAR.NS,74.37000274658203,yfinance
2025-04-24,INE838B01013,BHARATRAS.NS,9991.0,yfinance
2025-04-24,INE316L01019,BHARATWIRE.NS,186.82000732421875,yfinance
2025-04-24,INE397D01024,BHARTIARTL.NS,1881.5999755859375,yfinance
2025-04-24,INE257A01026,BHEL.NS,230.52999877929688,yfinance
2025-04-24,INE412U01017,BIGBLOC.NS,74.25,yfinance
2025-04-24,INE828A01016,BIL.NS,540.75,yfinance
2025-04-24,INE376G01013,BIOCON.NS,335.70001220703125,yfinance
2025-04-24,INE829A01014,BIOFILCHEM.NS,48.099998474121094,yfinance
2025-04-24,INE800A01015,BIRLACABLE.NS,158.10000610351562,yfinance
2025-04-24,INE340A01012,BIRLACORPN.NS,1102.5999755859375,yfinance
2025-04-24,INE865C01022,BIRLAMONEY.NS,155.75,yfinance
2025-04-24,INE791A01024,BLBLIMITED.NS,15.739999771118164,yfinance
2025-04-24,INE416D01022,BLISSGVS.NS,124.69000244140625,yfinance
2025-04-24,INE350H01032,BLKASHYAP.NS,66.5199966430664,yfinance
2025-04-24,INE153T01027,BLS.NS,384.0,yfinance
2025-04-24,INE472B01011,BLUECOAST.NS,32.25,yfinance
2025-04-24,INE233B01017,BLUEDART.NS,6556.0,yfinance
2025-04-24,INE472A01039,BLUESTARCO.NS,1925.4000244140625,yfinance
2025-04-24,INE338D01028,BODALCHEM.NS,69.13999938964844,yfinance
2025-04-24,INE032A01023,BOMDYEING.NS,140.52000427246094,yfinance
2025-04-24,INE02PY01013,BOROLTD.NS,339.3999938964844,yfinance
2025-04-24,INE666D01022,BORORENEW.NS,520.5,yfinance
2025-04-24,INE323A01026,BOSCHLTD.NS,28415.0,yfinance
2025-04-24,INE029A01011,BPCL.NS,300.45001220703125,yfinance
2025-04-24,INE110A01019,BPL.NS,79.13999938964844,yfinance
2025-04-24,INE791I01019,BRIGADE.NS,1048.75,yfinance
2025-04-24,INE216A01030,BRITANNIA.NS,5544.2998046875,yfinance
2025-04-24,INE727S01012,BRNL.NS,27.030000686645508,yfinance
2025-04-24,INE650L01011,BROOKS.NS,140.64999389648438,yfinance
2025-04-24,INE118H01025,BSE.NS,6439.0,yfinance
2025-04-24,INE032Z01012,BSHSL.NS,141.14999389648438,yfinance
2025-04-24,INE594B01012,BSL.NS,164.0,yfinance
2025-04-24,INE836A01035,BSOFT.NS,399.6499938964844,yfinance
2025-04-24,INE295F01017,BUTTERFLY.NS,600.25,yfinance
2025-04-24,INE139I01011,BVCL.NS,40.95000076293945,yfinance
2025-04-24,INE319B01014,BYKE.NS,77.55999755859375,yfinance
2025-04-24,INE526B01014,CALSOFT.NS,11.600000381469727,yfinance
2025-04-24,INE052I01032,CAMLINFINE.NS,169.5500030517578,yfinance
2025-04-24,INE596I01012,CAMS.NS,4102.0,yfinance
2025-04-24,INE476A01014,CANBK.NS,99.44999694824219,yfinance
2025-04-24,INE477A01020,CANFINHOME.NS,744.9000244140625,yfinance
2025-04-24,INE068L01016,CANTABIL.NS,264.3999938964844,yfinance
2025-04-24,INE264T01014,CAPACITE.NS,379.25,yfinance
2025-04-24,INE475E01026,CAPLIPOINT.NS,1888.0,yfinance
2025-04-24,INE707C01018,CAPTRUST.NS,92.29000091552734,yfinance
2025-04-24,INE120A01034,CARBORUNIV.NS,1076.5999755859375,yfinance
2025-04-24,INE752H01013,CARERATING.NS,1199.800048828125,yfinance
2025-04-24,INE172A01027,CASTROLIND.NS,208.4499969482422,yfinance
2025-04-24,INE652F01027,CCHHL.NS,17.360000610351562,yfinance
2025-04-24,INE421D01022,CCL.NS,637.8499755859375,yfinance
2025-04-24,INE736A01011,CDSL.NS,1360.9000244140625,yfinance
2025-04-24,INE482A01020,CEATLTD.NS,3019.800048828125,yfinance
2025-04-24,INE185H01016,CELEBRITY.NS,11.930000305175781,yfinance
2025-04-24,INE485A01015,CENTENKA.NS,548.2000122070312,yfinance
2025-04-24,INE281A01026,CENTEXT.NS,18.729999542236328,yfinance
2025-04-24,INE483A01010,CENTRALBK.NS,38.2400016784668,yfinance
2025-04-24,INE660C01027,CENTRUM.NS,26.1200008392334,yfinance
2025-04-24,INE320B01020,CENTUM.NS,1698.0,yfinance
2025-04-24,INE348B01021,CENTURYPLY.NS,731.7000122070312,yfinance
2025-04-24,INE739E01017,CERA.NS,5693.0,yfinance
2025-04-24,INE345B01019,CEREBRAINT.NS,5.019999980926514,yfinance
2025-04-24,INE486A01013,CESC.NS,160.3000030517578,yfinance
2025-04-24,INE180C01026,CGCL.NS,166.97999572753906,yfinance
2025-04-24,INE067A01029,CGPOWER.NS,660.1500244140625,yfinance
2025-04-24,INE427F01016,CHALET.NS,818.7999877929688,yfinance
2025-04-24,INE085A01013,CHAMBLFERT.NS,688.5999755859375,yfinance
2025-04-24,INE995D01025,CHEMBOND.NS,524.4000244140625,yfinance
2025-04-24,INE03YM01018,CHEMCON.NS,206.8000030517578,yfinance
2025-04-24,INE783X01023,CHEMFAB.NS,856.1500244140625,yfinance
2025-04-24,INE178A01016,CHENNPETRO.NS,628.4000244140625,yfinance
2025-04-24,INE121A01024,CHOLAFIN.NS,1566.800048828125,yfinance
2025-04-24,INE149A01033,CHOLAHLDNG.NS,1961.800048828125,yfinance
2025-04-24,INE675C01017,CIGNITITEC.NS,1357.0999755859375,yfinance
2025-04-24,INE704H01022,CINELINE.NS,95.62000274658203,yfinance
2025-04-24,INE039B01026,CINEVISTA.NS,15.859999656677246,yfinance
2025-04-24,INE059A01026,CIPLA.NS,1533.699951171875,yfinance
2025-04-24,INE201M01011,CLEDUCATE.NS,94.76000213623047,yfinance
2025-04-24,INE522F01014,COALINDIA.NS,398.95001220703125,yfinance
2025-04-24,INE704P01017,COCHINSHIP.NS,1485.699951171875,yfinance
2025-04-24,INE591G01017,COFORGE.NS,7392.0,yfinance
2025-04-24,INE259A01022,COLPAL.NS,2688.60009765625,yfinance
2025-04-24,INE070C01037,COMPINFO.NS,1.8700000047683716,yfinance
2025-04-24,INE453B01029,COMPUSOFT.NS,20.010000228881836,yfinance
2025-04-24,INE111A01025,CONCOR.NS,713.4500122070312,yfinance
2025-04-24,INE552D01024,CONFIPET.NS,55.939998626708984,yfinance
2025-04-24,INE025A01027,CONSOFINVT.NS,198.36000061035156,yfinance
2025-04-24,INE663B01015,CONTROLPR.NS,653.2000122070312,yfinance
2025-04-24,INE558D01021,CORALFINAC.NS,41.77000045776367,yfinance
2025-04-24,INE792I01017,CORDSCABLE.NS,186.94000244140625,yfinance
2025-04-24,INE169A01031,COROMANDEL.NS,2205.60009765625,yfinance
2025-04-24,INE695B01025,COUNCODOS.NS,8.970000267028809,yfinance
2025-04-24,INE985W01018,CREATIVE.NS,732.5999755859375,yfinance
2025-04-24,INE230B01021,CREATIVEYE.NS,6.739999771118164,yfinance
2025-04-24,INE741K01010,CREDITACC.NS,1135.8499755859375,yfinance
2025-04-24,INE559D01011,CREST.NS,401.04998779296875,yfinance
2025-04-24,INE007A01025,CRISIL.NS,4752.0,yfinance
2025-04-24,INE299U01018,CROMPTON.NS,343.79998779296875,yfinance
2025-04-24,INE679A01013,CSBBANK.NS,359.45001220703125,yfinance
2025-04-24,INE627H01017,CTE.NS,43.400001525878906,yfinance
2025-04-24,INE491A01021,CUB.NS,176.88999938964844,yfinance
2025-04-24,INE144D01012,CUBEXTUB.NS,81.19000244140625,yfinance
2025-04-24,INE298A01020,CUMMINSIND.NS,2965.89990234375,yfinance
2025-04-24,INE509F01011,CUPID.NS,73.3499984741211,yfinance
2025-04-24,INE278G01037,CYBERMEDIA.NS,14.699999809265137,yfinance
2025-04-24,INE214A01019,CYBERTECH.NS,149.57000732421875,yfinance
2025-04-24,INE136B01020,CYIENT.NS,1247.199951171875,yfinance
2025-04-24,INE016A01026,DABUR.NS,486.20001220703125,yfinance
2025-04-24,INE00R701025,DALBHARAT.NS,1889.4000244140625,yfinance
2025-04-24,INE495A01022,DALMIASUG.NS,404.5,yfinance
2025-04-24,INE497D01022,DAMODARIND.NS,34.56999969482422,yfinance
2025-04-24,INE688Y01014,DANGEE.NS,4.869999885559082,yfinance
2025-04-24,INE365B01017,DATAMATICS.NS,613.9000244140625,yfinance
2025-04-24,INE950I01011,DBCORP.NS,250.25999450683594,yfinance
2025-04-24,INE917M01012,DBL.NS,451.6000061035156,yfinance
2025-04-24,INE879I01012,DBREALTY.NS,186.3699951171875,yfinance
2025-04-24,INE921B01025,DBSTOCKBRO.NS,28.610000610351562,yfinance
2025-04-24,INE385W01011,DCAL.NS,208.9199981689453,yfinance
2025-04-24,INE503A01015,DCBBANK.NS,127.83000183105469,yfinance
2025-04-24,INE498A01018,DCM.NS,106.06999969482422,yfinance
2025-04-24,INE891B01012,DCMFINSERV.NS,5.809999942779541,yfinance
2025-04-24,INE08KP01019,DCMNVL.NS,185.3800048828125,yfinance
2025-04-24,INE499A01024,DCMSHRIRAM.NS,1068.800048828125,yfinance
2025-04-24,INE500A01029,DCW.NS,85.58999633789062,yfinance
2025-04-24,INE583C01021,DECCANCE.NS,780.1500244140625,yfinance
2025-04-24,INE501A01019,DEEPAKFERT.NS,1283.4000244140625,yfinance
2025-04-24,INE288B01029,DEEPAKNTR.NS,2013.699951171875,yfinance
2025-04-24,INE124G01033,DELTACORP.NS,93.69000244140625,yfinance
2025-04-24,INE393A01011,DELTAMAGNT.NS,63.34000015258789,yfinance
2025-04-24,INE947J01015,DEN.NS,34.279998779296875,yfinance
2025-04-24,INE244A01016,DENORA.NS,838.2999877929688,yfinance
2025-04-24,INE03JI01017,DGCONTENT.NS,43.369998931884766,yfinance
2025-04-24,INE041A01016,DHAMPURSUG.NS,132.97999572753906,yfinance
2025-04-24,INE680A01011,DHANBANK.NS,29.889999389648438,yfinance
2025-04-24,INE274G01010,DHANI.NS,62.09000015258789,yfinance
2025-04-24,INE435G01025,DHANUKA.NS,1388.800048828125,yfinance
2025-04-24,INE320L01011,DHUNINV.NS,1541.199951171875,yfinance
2025-04-24,INE393P01035,DIAMONDYD.NS,1215.300048828125,yfinance
2025-04-24,INE303A01010,DICIND.NS,693.5,yfinance
2025-04-24,INE927C01020,DIGISPICE.NS,19.90999984741211,yfinance
2025-04-24,INE836F01026,DISHTV.NS,5.389999866485596,yfinance
2025-04-24,INE361B01024,DIVISLAB.NS,5924.5,yfinance
2025-04-24,INE935N01012,DIXON.NS,16607.0,yfinance
2025-04-24,INE271C01023,DLF.NS,687.7000122070312,yfinance
2025-04-24,INE250K01012,DLINKINDIA.NS,463.45001220703125,yfinance
2025-04-24,INE192R01011,DMART.NS,4508.10009765625,yfinance
2025-04-24,INE016M01021,DNAMEDIA.NS,5.059999942779541,yfinance
2025-04-24,INE325C01035,DOLLAR.NS,389.6499938964844,yfinance
2025-04-24,INE668D01028,DONEAR.NS,115.1500015258789,yfinance
2025-04-24,INE266Y01019,DPABHUSHAN.NS,1494.300048828125,yfinance
2025-04-24,INE360C01024,DPSCLTD.NS,13.1899995803833,yfinance
2025-04-24,INE864X01013,DPWIRES.NS,229.77999877929688,yfinance
2025-04-24,INE506A01018,DREDGECORP.NS,601.7999877929688,yfinance
2025-04-24,INE089A01023,DRREDDY.NS,1186.0,yfinance
2025-04-24,INE417B01040,DSSL.NS,1164.699951171875,yfinance
2025-04-24,INE341R01014,DTIL.NS,186.75999450683594,yfinance
2025-04-24,INE741L01018,DUCON.NS,6.199999809265137,yfinance
2025-04-24,INE477B01010,DVL.NS,355.6499938964844,yfinance
2025-04-24,INE366A01041,DWARKESH.NS,42.779998779296875,yfinance
2025-04-24,INE221B01012,DYNAMATECH.NS,6503.5,yfinance
2025-04-24,INE256H01015,DYNPRO.NS,285.1000061035156,yfinance
2025-04-24,INE738I01010,ECLERX.NS,2644.199951171875,yfinance
2025-04-24,INE532F01054,EDELWEISS.NS,85.44999694824219,yfinance
2025-04-24,INE066A01021,EICHERMOT.NS,5740.0,yfinance
2025-04-24,INE126A01031,EIDPARRY.NS,845.75,yfinance
2025-04-24,INE276C01014,EIHAHOTELS.NS,383.45001220703125,yfinance
2025-04-24,INE230A01023,EIHOTEL.NS,394.0,yfinance
2025-04-24,INE158B01016,EIMCOELECO.NS,1841.800048828125,yfinance
2025-04-24,INE184H01027,EKC.NS,128.0399932861328,yfinance
2025-04-24,INE205B01023,ELECON.NS,526.4000244140625,yfinance
2025-04-24,INE086A01029,ELECTCAST.NS,104.05000305175781,yfinance
2025-04-24,INE822G01016,ELECTHERM.NS,1099.300048828125,yfinance
2025-04-24,INE285A01027,ELGIEQUIP.NS,474.6000061035156,yfinance
2025-04-24,INE819L01012,ELGIRUBCO.NS,62.83000183105469,yfinance
2025-04-24,INE548C01032,EMAMILTD.NS,646.8499755859375,yfinance
2025-04-24,INE830C01026,EMAMIPAP.NS,97.08999633789062,yfinance
2025-04-24,INE778K01012,EMAMIREAL.NS,129.63999938964844,yfinance
2025-04-24,INE296H01011,EMKAY.NS,211.0,yfinance
2025-04-24,INE753K01015,EMMBI.NS,112.08999633789062,yfinance
2025-04-24,INE913H01037,ENDURANCE.NS,1955.5999755859375,yfinance
2025-04-24,INE306C01019,ENERGYDEV.NS,20.229999542236328,yfinance
2025-04-24,INE510A01028,ENGINERSIN.NS,185.25,yfinance
2025-04-24,INE265F01028,ENIL.NS,142.08999633789062,yfinance
2025-04-24,INE255A01020,EPL.NS,194.97000122070312,yfinance
2025-04-24,INE063P01018,EQUITASBNK.NS,70.29000091552734,yfinance
2025-04-24,INE406M01024,ERIS.NS,1474.199951171875,yfinance
2025-04-24,INE284A01012,ESABINDIA.NS,4650.2998046875,yfinance
2025-04-24,INE042A01014,ESCORTS.NS,3446.39990234375,yfinance
2025-04-24,INE122M01019,ESSARSHPNG.NS,33.38999938964844,yfinance
2025-04-24,INE778B01029,ESTER.NS,128.66000366210938,yfinance
2025-04-24,INE022C01012,EUROTEXIND.NS,14.550000190734863,yfinance
2025-04-24,INE128A01029,EVEREADY.NS,332.0,yfinance
2025-04-24,INE295A01018,EVERESTIND.NS,536.9500122070312,yfinance
2025-04-24,INE688J01015,EXCEL.NS,0.75,yfinance
2025-04-24,INE369A01029,EXCELINDUS.NS,1126.3499755859375,yfinance
2025-04-24,INE302A01020,EXIDEIND.NS,380.79998779296875,yfinance
2025-04-24,INE201K01015,EXPLEOSOL.NS,902.0499877929688,yfinance
2025-04-24,INE188A01015,FACT.NS,757.5999755859375,yfinance
2025-04-24,INE0DNW01011,FAIRCHEMOR.NS,887.9500122070312,yfinance
2025-04-24,INE045J01026,FCL.NS,249.3000030517578,yfinance
2025-04-24,INE512B01022,FCSSOFT.NS,2.75,yfinance
2025-04-24,INE258B01022,FDC.NS,436.20001220703125,yfinance
2025-04-24,INE171A01029,FEDERALBNK.NS,199.77000427246094,yfinance
2025-04-24,INE623B01027,FEL.NS,0.6399999856948853,yfinance
2025-04-24,IN9623B01058,FELDVR.NS,3.9000000953674316,yfinance
2025-04-24,INE737H01014,FIEMIND.NS,1473.4000244140625,yfinance
2025-04-24,INE816B01027,FILATEX.NS,46.84000015258789,yfinance
2025-04-24,INE235A01022,FINCABLES.NS,883.7000122070312,yfinance
2025-04-24,INE686Y01026,FINEORG.NS,4279.2001953125,yfinance
2025-04-24,INE183A01016,FINPIPE.NS,175.07000732421875,yfinance
2025-04-24,INE060J01017,FLEXITUFF.NS,34.59000015258789,yfinance
2025-04-24,INE452O01016,FLFL.NS,2.0999999046325684,yfinance
2025-04-24,INE09N301011,FLUOROCHEM.NS,3971.0,yfinance
2025-04-24,INE529A01010,FMGOETZE.NS,358.75,yfinance
2025-04-24,INE360L01017,FMNL.NS,14.859999656677246,yfinance
2025-04-24,INE451A01017,FORCEMOT.NS,9107.5,yfinance
2025-04-24,INE061F01013,FORTIS.NS,676.6500244140625,yfinance
2025-04-24,INE519A01011,FOSECOIND.NS,3921.800048828125,yfinance
2025-04-24,INE935Q01015,FSC.NS,2.059999942779541,yfinance
2025-04-24,INE684F01012,FSL.NS,354.79998779296875,yfinance
2025-04-24,INE524A01029,GABRIEL.NS,578.5,yfinance
2025-04-24,INE036B01030,GAEL.NS,126.88999938964844,yfinance
2025-04-24,INE129A01019,GAIL.NS,193.5,yfinance
2025-04-24,INE600K01018,GALAXYSURF.NS,2200.800048828125,yfinance
2025-04-24,INE297H01019,GALLANTT.NS,465.25,yfinance
2025-04-24,INE524B01027,GANDHITUBE.NS,679.0999755859375,yfinance
2025-04-24,INE845D01014,GANECOS.NS,1623.699951171875,yfinance
2025-04-24,INE460C01014,GANESHHOUC.NS,1145.5999755859375,yfinance
2025-04-24,INE335W01016,GANGESSECU.NS,159.72000122070312,yfinance
2025-04-24,INE276A01018,GARFIBRES.NS,885.8499755859375,yfinance
2025-04-24,INE287Z01012,GAYAHWS.NS,1.2300000190734863,yfinance
2025-04-24,INE336H01023,GAYAPROJ.NS,7.730000019073486,yfinance
2025-04-24,INE916G01016,GEECEE.NS,391.5,yfinance
2025-04-24,INE669X01016,GEEKAYWIRE.NS,78.12999725341797,yfinance
2025-04-24,INE727B01026,GENESYS.NS,702.9000244140625,yfinance
2025-04-24,INE949P01018,GENUSPAPER.NS,19.06999969482422,yfinance
2025-04-24,INE955D01029,GENUSPOWER.NS,321.8999938964844,yfinance
2025-04-24,INE007B01023,GEOJITFSL.NS,80.87999725341797,yfinance
2025-04-24,INE878A01011,GEPIL.NS,257.30999755859375,yfinance
2025-04-24,INE017A01032,GESHIP.NS,924.25,yfinance
2025-04-24,INE538A01037,GFLLIMITED.NS,57.310001373291016,yfinance
2025-04-24,INE539A01019,GHCL.NS,629.1500244140625,yfinance
2025-04-24,INE289B01019,GICHSGFIN.NS,181.9199981689453,yfinance
2025-04-24,INE481Y01014,GICRE.NS,424.75,yfinance
2025-04-24,INE047B01011,GILLANDERS.NS,111.11000061035156,yfinance
2025-04-24,INE322A01010,GILLETTE.NS,8330.0,yfinance
2025-04-24,INE424C01010,GINNIFILA.NS,24.139999389648438,yfinance
2025-04-24,INE162A01010,GIPCL.NS,193.75,yfinance
2025-04-24,INE528A01020,GKWLIMITED.NS,1897.0,yfinance
2025-04-24,INE068V01023,GLAND.NS,1478.699951171875,yfinance
2025-04-24,INE159A01016,GLAXO.NS,2846.60009765625,yfinance
2025-04-24,INE935A01035,GLENMARK.NS,1412.5,yfinance
2025-04-24,INE540A01017,GLFL.NS,7.210000038146973,yfinance
2025-04-24,INE291W01011,GLOBAL.NS,59.59000015258789,yfinance
2025-04-24,INE792H01019,GLOBALVECT.NS,239.7899932861328,yfinance
2025-04-24,INE581X01013,GLOBE.NS,2.6700000762939453,yfinance
2025-04-24,INE615I01010,GLOBUSSPR.NS,1084.0,yfinance
2025-04-24,INE075D01018,GMBREW.NS,717.3499755859375,yfinance
2025-04-24,INE131A01031,GMDCLTD.NS,323.8999938964844,yfinance
2025-04-24,INE541A01023,GMMPFAUDLR.NS,1101.4000244140625,yfinance
2025-04-24,INE934S01014,GNA.NS,343.6499938964844,yfinance
2025-04-24,INE113A01013,GNFC.NS,505.6000061035156,yfinance
2025-04-24,INE426D01013,GOACARBON.NS,482.1499938964844,yfinance
2025-04-24,INE077F01035,GOCLCORP.NS,293.95001220703125,yfinance
2025-04-24,INE260B01028,GODFRYPHLP.NS,7921.5,yfinance
2025-04-24,INE925Y01010,GODHA.NS,0.8700000047683716,yfinance
2025-04-24,INE850D01014,GODREJAGRO.NS,772.4000244140625,yfinance
2025-04-24,INE102D01028,GODREJCP.NS,1268.5,yfinance
2025-04-24,INE233A01035,GODREJIND.NS,1168.5,yfinance
2025-04-24,INE484J01027,GODREJPROP.NS,2152.39990234375,yfinance
2025-04-24,INE516K01024,GOENKA.NS,0.9300000071525574,yfinance
2025-04-24,INE887G01027,GOKEX.NS,869.9500122070312,yfinance
2025-04-24,INE020J01029,GOKUL.NS,44.619998931884766,yfinance
2025-04-24,INE314T01025,GOKULAGRO.NS,256.67999267578125,yfinance
2025-04-24,INE973A01010,GOLDENTOBC.NS,35.720001220703125,yfinance
2025-04-24,INE025B01017,GOLDIAM.NS,380.95001220703125,yfinance
2025-04-24,INE805A01014,GOLDTECH.NS,66.94000244140625,yfinance
2025-04-24,INE127I01024,GOODLUCK.NS,804.4000244140625,yfinance
2025-04-24,INE177H01013,GPIL.NS,201.85000610351562,yfinance
2025-04-24,INE517F01014,GPPL.NS,149.80999755859375,yfinance
2025-04-24,INE390G01014,GPTINFRA.NS,140.13999938964844,yfinance
2025-04-24,INE101D01020,GRANULES.NS,484.95001220703125,yfinance
2025-04-24,INE371A01025,GRAPHITE.NS,482.6000061035156,yfinance
2025-04-24,INE047A01021,GRASIM.NS,2685.60009765625,yfinance
2025-04-24,INE024L01027,GRAVITA.NS,1955.300048828125,yfinance
2025-04-24,INE224A01026,GREAVESCOT.NS,205.14999389648438,yfinance
2025-04-24,INE544R01013,GREENLAM.NS,217.94000244140625,yfinance
2025-04-24,INE08ZM01014,GREENPANEL.NS,243.02999877929688,yfinance
2025-04-24,INE461C01038,GREENPLY.NS,298.75,yfinance
2025-04-24,INE999K01014,GREENPOWER.NS,13.130000114440918,yfinance
2025-04-24,INE536A01023,GRINDWELL.NS,1716.199951171875,yfinance
2025-04-24,INE646C01018,GROBTEA.NS,911.5999755859375,yfinance
2025-04-24,INE137I01015,GRPLTD.NS,2907.199951171875,yfinance
2025-04-24,INE382Z01011,GRSE.NS,1734.800048828125,yfinance
2025-04-24,INE026A01025,GSFC.NS,194.1300048828125,yfinance
2025-04-24,INE246F01010,GSPL.NS,320.5,yfinance
2025-04-24,INE871H01011,GSS.NS,37.47999954223633,yfinance
2025-04-24,INE043A01012,GTL.NS,8.5,yfinance
2025-04-24,INE221H01019,GTLINFRA.NS,1.5,yfinance
2025-04-24,INE869I01013,GTPL.NS,112.58999633789062,yfinance
2025-04-24,INE742B01025,GUFICBIO.NS,361.04998779296875,yfinance
2025-04-24,INE186A01019,GUJALKALI.NS,638.2000122070312,yfinance
2025-04-24,INE826C01016,GUJAPOLLO.NS,364.25,yfinance
2025-04-24,INE844O01030,GUJGASLTD.NS,451.3500061035156,yfinance
2025-04-24,INE610B01024,GUJRAFFIA.NS,39.369998931884766,yfinance
2025-04-24,INE635Q01029,GULFOILLUB.NS,1228.800048828125,yfinance
2025-04-24,INE586G01017,GULFPETRO.NS,41.81999969482422,yfinance
2025-04-24,INE255D01024,GULPOLY.NS,204.7100067138672,yfinance
2025-04-24,INE251H01024,GVKPIL.NS,3.569999933242798,yfinance
2025-04-24,INE066F01012,HAL.NS,4307.0,yfinance
2025-04-24,INE419U01012,HAPPSTMNDS.NS,595.7999877929688,yfinance
2025-04-24,INE544A01019,HARRMALAYA.NS,200.42999267578125,yfinance
2025-04-24,INE982F01036,HATHWAY.NS,14.729999542236328,yfinance
2025-04-24,INE473B01035,HATSUN.NS,956.0499877929688,yfinance
2025-04-24,INE176B01034,HAVELLS.NS,1612.0,yfinance
2025-04-24,INE293B01029,HAVISHA.NS,2.2200000286102295,yfinance
2025-04-24,INE550B01022,HBSL.NS,84.30000305175781,yfinance
2025-04-24,INE549A01026,HCC.NS,27.489999771118164,yfinance
2025-04-24,INE075I01017,HCG.NS,575.5499877929688,yfinance
2025-04-24,INE236A01020,HCL-INSYS.NS,14.119999885559082,yfinance
2025-04-24,INE860A01027,HCLTECH.NS,1594.0,yfinance
2025-04-24,INE127D01025,HDFCAMC.NS,4559.5,yfinance
2025-04-24,INE040A01034,HDFCBANK.NS,1923.9000244140625,yfinance
2025-04-24,INE795G01014,HDFCLIFE.NS,709.0999755859375,yfinance
2025-04-24,INE545A01016,HEG.NS,473.75,yfinance
2025-04-24,INE578A01017,HEIDELBERG.NS,199.00999450683594,yfinance
2025-04-24,INE0AJG01018,HEMIPROP.NS,139.3800048828125,yfinance
2025-04-24,INE688E01024,HERCULES.NS,162.80999755859375,yfinance
2025-04-24,INE978A01027,HERITGFOOD.NS,422.3999938964844,yfinance
2025-04-24,INE158A01026,HEROMOTOCO.NS,3940.5,yfinance
2025-04-24,INE782E01017,HESTERBIO.NS,1808.4000244140625,yfinance
2025-04-24,INE750M01017,HEXATRADEX.NS,203.10000610351562,yfinance
2025-04-24,INE548A01028,HFCL.NS,85.7300033569336,yfinance
2025-04-24,INE926X01010,HGINFRA.NS,1124.4000244140625,yfinance
2025-04-24,INE170I01016,HGS.NS,518.3499755859375,yfinance
2025-04-24,INE475B01022,HIKAL.NS,416.8999938964844,yfinance
2025-04-24,INE788H01017,HILTON.NS,67.7699966430664,yfinance
2025-04-24,INE049A01027,HIMATSEIDE.NS,152.0,yfinance
2025-04-24,INE038A01020,HINDALCO.NS,629.0999755859375,yfinance
2025-04-24,INE310C01029,HINDCOMPOS.NS,452.20001220703125,yfinance
2025-04-24,INE531E01026,HINDCOPPER.NS,225.32000732421875,yfinance
2025-04-24,INE253A01025,HINDMOTORS.NS,27.729999542236328,yfinance
2025-04-24,INE952A01022,HINDNATGLS.NS,18.030000686645508,yfinance
2025-04-24,INE345A01011,HINDOILEXP.NS,191.4499969482422,yfinance
2025-04-24,INE094A01015,HINDPETRO.NS,388.79998779296875,yfinance
2025-04-24,INE030A01027,HINDUNILVR.NS,2423.800048828125,yfinance
2025-04-24,INE267A01025,HINDZINC.NS,449.04998779296875,yfinance
2025-04-24,INE835D01023,HIRECT.NS,967.25,yfinance
2025-04-24,INE598C01011,HISARMETAL.NS,202.7899932861328,yfinance
2025-04-24,INE106T01017,HITECH.NS,99.5999984741211,yfinance
2025-04-24,INE120D01012,HITECHCORP.NS,192.0800018310547,yfinance
2025-04-24,INE127B01011,HITECHGEAR.NS,629.9500122070312,yfinance
2025-04-24,INE102A01024,HLVLTD.NS,13.15999984741211,yfinance
2025-04-24,INE262A01018,HMT.NS,51.869998931884766,yfinance
2025-04-24,INE871K01015,HMVL.NS,86.33999633789062,yfinance
2025-04-24,INE254N01018,HNDFDS.NS,567.25,yfinance
2025-04-24,INE671A01010,HONAUT.NS,34205.0,yfinance
2025-04-24,INE634A01018,HONDAPOWER.NS,2149.89990234375,yfinance
2025-04-24,INE596H01014,HOVS.NS,54.06999969482422,yfinance
2025-04-24,INE495S01016,HPL.NS,447.25,yfinance
2025-04-24,INE019C01026,HSCL.NS,467.04998779296875,yfinance
2025-04-24,INE501G01024,HTMEDIA.NS,17.5,yfinance
2025-04-24,INE703H01016,HUBTOWN.NS,214.50999450683594,yfinance
2025-04-24,INE031A01017,HUDCO.NS,231.4499969482422,yfinance
2025-04-24,INE275B01026,HUHTAMAKI.NS,207.9600067138672,yfinance
2025-04-24,INE520Y01019,ICEMAKE.NS,991.4500122070312,yfinance
2025-04-24,INE090A01021,ICICIBANK.NS,1424.4000244140625,yfinance
2025-04-24,INE765G01017,ICICIGI.NS,1880.0,yfinance
2025-04-24,INE726G01019,ICICIPRULI.NS,607.0,yfinance
2025-04-24,INE483B01026,ICIL.NS,308.3500061035156,yfinance
2025-04-24,INE725G01011,ICRA.NS,5769.0,yfinance
2025-04-24,INE008A01015,IDBI.NS,83.9800033569336,yfinance
2025-04-24,INE669E01016,IDEA.NS,8.010000228881836,yfinance
2025-04-24,INE092T01019,IDFCFIRSTB.NS,68.44999694824219,yfinance
2025-04-24,INE022Q01020,IEX.NS,191.3300018310547,yfinance
2025-04-24,INE076C01018,IFBAGRO.NS,492.45001220703125,yfinance
2025-04-24,INE559A01017,IFBIND.NS,1361.9000244140625,yfinance
2025-04-24,INE039A01010,IFCI.NS,46.0,yfinance
2025-04-24,INE133Y01011,IFGLEXPOR.NS,371.6000061035156,yfinance
2025-04-24,INE188B01013,IGARASHI.NS,494.0,yfinance
2025-04-24,INE203G01027,IGL.NS,185.50999450683594,yfinance
2025-04-24,INE204A01010,IGPL.NS,455.54998779296875,yfinance
2025-04-24,INE530B01024,IIFL.NS,380.1499938964844,yfinance
2025-04-24,INE886A01014,IITL.NS,214.80999755859375,yfinance
2025-04-24,INE369I01014,IL&FSENGG.NS,41.400001525878906,yfinance
2025-04-24,INE975G01012,IL&FSTRANS.NS,3.299999952316284,yfinance
2025-04-24,INE172N01012,IMAGICAA.NS,68.61000061035156,yfinance
2025-04-24,INE919H01018,IMFA.NS,645.5499877929688,yfinance
2025-04-24,INE547E01014,IMPAL.NS,1007.9500122070312,yfinance
2025-04-24,INE841B01017,INDBANK.NS,32.779998779296875,yfinance
2025-04-24,INE053A01029,INDHOTEL.NS,822.9000244140625,yfinance
2025-04-24,INE383A01012,INDIACEM.NS,288.20001220703125,yfinance
2025-04-24,INE560A01015,INDIAGLYCO.NS,1421.4000244140625,yfinance
2025-04-24,INE933S01016,INDIAMART.NS,2290.60009765625,yfinance
2025-04-24,INE562A01011,INDIANB.NS,582.0999755859375,yfinance
2025-04-24,INE061A01014,INDIANCARD.NS,280.3800048828125,yfinance
2025-04-24,INE323C01030,INDIANHUME.NS,402.3500061035156,yfinance
2025-04-24,INE646L01027,INDIGO.NS,5558.5,yfinance
2025-04-24,INE092B01025,INDNIPPON.NS,636.7000122070312,yfinance
2025-04-24,INE873D01024,INDOCO.NS,240.57000732421875,yfinance
2025-04-24,INE156A01020,INDORAMA.NS,37.22999954223633,yfinance
2025-04-24,INE896L01010,INDOSTAR.NS,316.95001220703125,yfinance
2025-04-24,INE332H01014,INDOTECH.NS,2653.89990234375,yfinance
2025-04-24,INE337M01013,INDOTHAI.NS,1984.199951171875,yfinance
2025-04-24,INE227G01018,INDOWIND.NS,22.06999969482422,yfinance
2025-04-24,INE681B01017,INDRAMEDCO.NS,424.95001220703125,yfinance
2025-04-24,INE915B01019,INDSWFTLAB.NS,84.69000244140625,yfinance
2025-04-24,INE788B01028,INDSWFTLTD.NS,13.270000457763672,yfinance
2025-04-24,INE611L01021,INDTERRAIN.NS,36.970001220703125,yfinance
2025-04-24,INE095A01012,INDUSINDBK.NS,794.2000122070312,yfinance
2025-04-24,INE121J01017,INDUSTOWER.NS,400.1000061035156,yfinance
2025-04-24,INE483S01020,INFIBEAM.NS,18.1200008392334,yfinance
2025-04-24,INE344S01016,INFOBEAN.NS,304.5,yfinance
2025-04-24,INE669A01022,INFOMEDIA.NS,6.980000019073486,yfinance
2025-04-24,INE009A01021,INFY.NS,1474.9000244140625,yfinance
2025-04-24,INE177A01018,INGERRAND.NS,3834.60009765625,yfinance
2025-04-24,INE066P01011,INOXWIND.NS,174.5500030517578,yfinance
2025-04-24,INE070I01018,INSECTICID.NS,741.4500122070312,yfinance
2025-04-24,INE020G01017,INSPIRISYS.NS,83.0199966430664,yfinance
2025-04-24,INE306R01017,INTELLECT.NS,803.3499755859375,yfinance
2025-04-24,INE781A01025,INTENTECH.NS,95.0,yfinance
2025-04-24,INE878H01016,INVENTURE.NS,1.6299999952316284,yfinance
2025-04-24,INE565A01014,IOB.NS,38.779998779296875,yfinance
2025-04-24,INE242A01010,IOC.NS,137.64999389648438,yfinance
2025-04-24,INE485C01011,IOLCP.NS,66.98999786376953,yfinance
2025-04-24,INE571A01020,IPCALAB.NS,1470.9000244140625,yfinance
2025-04-24,INE821I01014,IRB.NS,48.599998474121094,yfinance
2025-04-24,INE962Y01021,IRCON.NS,166.10000610351562,yfinance
2025-04-24,INE335Y01012,IRCTC.NS,784.9500122070312,yfinance
2025-04-24,INE566K01011,ISFT.NS,108.63999938964844,yfinance
2025-04-24,INE154A01025,ITC.NS,430.8500061035156,yfinance
2025-04-24,INE353K01014,ITDC.NS,597.5,yfinance
2025-04-24,INE686A01026,ITDCEM.NS,527.0,yfinance
2025-04-24,INE248A01017,ITI.NS,281.2900085449219,yfinance
2025-04-24,INE050B01023,IVC.NS,10.210000038146973,yfinance
2025-04-24,INE043C01018,IVP.NS,172.0,yfinance
2025-04-24,INE848A01014,IZMO.NS,326.95001220703125,yfinance
2025-04-24,INE168A01041,J&KBANK.NS,103.18000030517578,yfinance
2025-04-24,INE199G01027,JAGRAN.NS,76.98999786376953,yfinance
2025-04-24,INE048B01027,JAGSNPHARM.NS,224.07000732421875,yfinance
2025-04-24,INE091G01018,JAIBALAJI.NS,129.91000366210938,yfinance
2025-04-24,INE070D01027,JAICORPLTD.NS,95.41000366210938,yfinance
2025-04-24,INE039C01032,JAMNAAUTO.NS,85.30000305175781,yfinance
2025-04-24,INE039O01011,JASH.NS,668.25,yfinance
2025-04-24,INE785A01026,JAYAGROGN.NS,242.11000061035156,yfinance
2025-04-24,INE571B01028,JAYBARMARU.NS,65.4000015258789,yfinance
2025-04-24,INE854B01010,JAYNECOIND.NS,36.11000061035156,yfinance
2025-04-24,INE364A01020,JAYSREETEA.NS,95.83999633789062,yfinance
2025-04-24,INE572A01028,JBCHEPHARM.NS,1585.5,yfinance
2025-04-24,INE927D01028,JBMA.NS,707.0499877929688,yfinance
2025-04-24,INE782A01015,JCHAC.NS,1781.800048828125,yfinance
2025-04-24,INE544H01014,JHS.NS,13.8100004196167,yfinance
2025-04-24,INE796G01012,JINDALPHOT.NS,830.4000244140625,yfinance
2025-04-24,INE197D01010,JINDALPOLY.NS,666.4500122070312,yfinance
2025-04-24,INE324A01024,JINDALSAW.NS,269.6499938964844,yfinance
2025-04-24,INE749A01030,JINDALSTEL.NS,919.0499877929688,yfinance
2025-04-24,INE742C01031,JINDRILL.NS,721.8499755859375,yfinance
2025-04-24,INE247D01039,JINDWORLD.NS,69.29000091552734,yfinance
2025-04-24,IN9175A01010,JISLDVREQS.NS,30.360000610351562,yfinance
2025-04-24,INE175A01038,JISLJALEQS.NS,56.5,yfinance
2025-04-24,INE863T01013,JITFINFRA.NS,388.3999938964844,yfinance
2025-04-24,INE823G01014,JKCEMENT.NS,5081.60009765625,yfinance
2025-04-24,INE576I01022,JKIL.NS,681.4000244140625,yfinance
2025-04-24,INE786A01032,JKLAKSHMI.NS,799.7999877929688,yfinance
2025-04-24,INE789E01012,JKPAPER.NS,341.1499938964844,yfinance
2025-04-24,INE573A01042,JKTYRE.NS,309.45001220703125,yfinance
2025-04-24,INE412C01023,JMA.NS,82.19000244140625,yfinance
2025-04-24,INE780C01023,JMFINANCIL.NS,105.05999755859375,yfinance
2025-04-24,INE839G01010,JOCIL.NS,157.86000061035156,yfinance
2025-04-24,INE147P01019,JPOLYINVST.NS,845.4000244140625,yfinance
2025-04-24,INE351F01018,JPPOWER.NS,15.699999809265137,yfinance
2025-04-24,INE220G01021,JSL.NS,575.4000244140625,yfinance
2025-04-24,INE121E01018,JSWENERGY.NS,508.8500061035156,yfinance
2025-04-24,INE824G01012,JSWHL.NS,25985.0,yfinance
2025-04-24,INE019A01038,JSWSTEEL.NS,1039.199951171875,yfinance
2025-04-24,INE643A01035,JTEKTINDIA.NS,142.89999389648438,yfinance
2025-04-24,INE797F01012,JUBLFOOD.NS,713.4500122070312,yfinance
2025-04-24,INE599M01018,JUSTDIAL.NS,985.4000244140625,yfinance
2025-04-24,INE668F01031,JYOTHYLAB.NS,391.20001220703125,yfinance
2025-04-24,INE197A01024,JYOTISTRUC.NS,21.229999542236328,yfinance
2025-04-24,INE900B01029,KABRAEXTRU.NS,285.6499938964844,yfinance
2025-04-24,INE217B01036,KAJARIACER.NS,812.0499877929688,yfinance
2025-04-24,INE437B01014,KAKATCEM.NS,153.47000122070312,yfinance
2025-04-24,INE314G01014,KALYANIFRG.NS,568.0,yfinance
2025-04-24,INE967C01018,KAMATHOTEL.NS,275.8500061035156,yfinance
2025-04-24,INE390H01012,KAMDHENU.NS,28.329999923706055,yfinance
2025-04-24,INE879E01037,KANANIIND.NS,2.380000114440918,yfinance
2025-04-24,INE138C01024,KANORICHEM.NS,93.47000122070312,yfinance
2025-04-24,INE694E01014,KANPRPLA.NS,120.1500015258789,yfinance
2025-04-24,INE531A01024,KANSAINER.NS,267.95001220703125,yfinance
2025-04-24,INE542Z01010,KAPSTON.NS,219.92999267578125,yfinance
2025-04-24,INE725L01011,KARMAENG.NS,55.810001373291016,yfinance
2025-04-24,INE036D01028,KARURVYSYA.NS,221.9600067138672,yfinance
2025-04-24,INE234I01010,KAUSHALYA.NS,966.6500244140625,yfinance
2025-04-24,INE587G01015,KAYA.NS,270.2099914550781,yfinance
2025-04-24,INE805C01028,KCP.NS,217.5399932861328,yfinance
2025-04-24,INE790B01024,KCPSUGIND.NS,37.189998626708984,yfinance
2025-04-24,INE291D01011,KDDL.NS,3044.89990234375,yfinance
2025-04-24,INE389H01022,KEC.NS,738.5499877929688,yfinance
2025-04-24,INE134B01017,KECL.NS,138.27999877929688,yfinance
2025-04-24,INE878B01027,KEI.NS,3019.10009765625,yfinance
2025-04-24,INE164B01022,KELLTONTEC.NS,114.41000366210938,yfinance
2025-04-24,INE202H01019,KERNEX.NS,850.4000244140625,yfinance
2025-04-24,INE087A01019,KESORAMIND.NS,3.2799999713897705,yfinance
2025-04-24,INE681C01015,KEYFINSERV.NS,395.3999938964844,yfinance
2025-04-24,INE834I01025,KHADIM.NS,294.6499938964844,yfinance
2025-04-24,INE745B01028,KHAICHEM.NS,56.650001525878906,yfinance
2025-04-24,INE060B01014,KHANDSE.NS,24.3700008392334,yfinance
2025-04-24,INE029L01018,KICL.NS,4766.39990234375,yfinance
2025-04-24,INE729D01010,KILITCH.NS,350.1499938964844,yfinance
2025-04-24,INE473D01015,KINGFA.NS,3116.39990234375,yfinance
2025-04-24,INE880L01014,KIOCL.NS,252.69000244140625,yfinance
2025-04-24,INE415I01015,KIRIINDUS.NS,606.4000244140625,yfinance
2025-04-24,INE732A01036,KIRLOSBROS.NS,1762.5999755859375,yfinance
2025-04-24,INE146L01010,KIRLOSENG.NS,757.8499755859375,yfinance
2025-04-24,INE250A01039,KIRLOSIND.NS,3217.800048828125,yfinance
2025-04-24,INE602G01020,KITEX.NS,253.97000122070312,yfinance
2025-04-24,INE401H01017,KKCL.NS,468.54998779296875,yfinance
2025-04-24,INE157H01023,KMSUGAR.NS,28.969999313354492,yfinance
2025-04-24,INE634I01029,KNRCON.NS,233.74000549316406,yfinance
2025-04-24,INE760A01029,KOKUYOCMLN.NS,111.48999786376953,yfinance
2025-04-24,INE094I01018,KOLTEPATIL.NS,340.04998779296875,yfinance
2025-04-24,INE082A01010,KOPRAN.NS,198.0,yfinance
2025-04-24,INE237A01028,KOTAKBANK.NS,2227.0,yfinance
2025-04-24,INE419A01022,KOTARISUG.NS,37.29999923706055,yfinance
2025-04-24,INE720A01015,KOTHARIPET.NS,162.0500030517578,yfinance
2025-04-24,INE823A01017,KOTHARIPRO.NS,73.80999755859375,yfinance
2025-04-24,INE04I401011,KPITTECH.NS,1228.9000244140625,yfinance
2025-04-24,INE930H01023,KPRMILL.NS,1073.300048828125,yfinance
2025-04-24,INE001B01026,KRBL.NS,316.25,yfinance
2025-04-24,INE268B01013,KREBSBIO.NS,79.16999816894531,yfinance
2025-04-24,INE524L01026,KRIDHANINF.NS,3.9700000286102295,yfinance
2025-04-24,INE506W01012,KRISHANA.NS,271.760009765625,yfinance
2025-04-24,INE999A01015,KSB.NS,760.4500122070312,yfinance
2025-04-24,INE455I01029,KSCL.NS,1480.199951171875,yfinance
2025-04-24,INE907A01026,KSL.NS,753.4000244140625,yfinance
2025-04-24,INE614B01018,KTKBANK.NS,202.25999450683594,yfinance
2025-04-24,INE529I01021,KUANTUM.NS,109.58999633789062,yfinance
2025-04-24,INE651C01018,LAKPRE.NS,4.139999866485596,yfinance
2025-04-24,INE600L01024,LALPATHLAB.NS,2768.199951171875,yfinance
2025-04-24,INE112F01022,LAMBODHARA.NS,142.58999633789062,yfinance
2025-04-24,INE059D01020,LAOPALA.NS,243.0800018310547,yfinance
2025-04-24,INE670X01014,LASA.NS,17.90999984741211,yfinance
2025-04-24,INE947Q01028,LAURUSLABS.NS,650.7000122070312,yfinance
2025-04-24,INE970X01018,LEMONTREE.NS,146.75,yfinance
2025-04-24,INE850E01012,LFIC.NS,174.3000030517578,yfinance
2025-04-24,INE337A01034,LGBBROSLTD.NS,1264.0,yfinance
2025-04-24,INE908V01012,LIBAS.NS,13.869999885559082,yfinance
2025-04-24,INE557B01019,LIBERTSHOE.NS,419.04998779296875,yfinance
2025-04-24,INE115A01026,LICHSGFIN.NS,613.7000122070312,yfinance
2025-04-24,INE060901019,LIKHITHA.NS,281.70001220703125,yfinance
2025-04-24,INE405C01035,LINCOLN.NS,580.7000122070312,yfinance
2025-04-24,INE473A01011,LINDEINDIA.NS,6557.0,yfinance
2025-04-24,INE397H01017,LOKESHMACH.NS,175.72000122070312,yfinance
2025-04-24,INE947I01017,LOTUSEYE.NS,66.80000305175781,yfinance
2025-04-24,INE597L01014,LOVABLE.NS,94.91999816894531,yfinance
2025-04-24,INE197J01017,LPDC.NS,8.819999694824219,yfinance
2025-04-24,INE018A01030,LT.NS,3301.0,yfinance
2025-04-24,INE010V01017,LTTS.NS,4451.39990234375,yfinance
2025-04-24,INE162B01018,LUMAXIND.NS,2580.39990234375,yfinance
2025-04-24,INE872H01027,LUMAXTECH.NS,554.9500122070312,yfinance
2025-04-24,INE326A01037,LUPIN.NS,2089.5,yfinance
2025-04-24,INE150G01020,LUXIND.NS,1432.5999755859375,yfinance
2025-04-24,INE933A01014,LYKALABS.NS,116.6500015258789,yfinance
2025-04-24,INE142K01011,LYPSAGEMS.NS,6.630000114440918,yfinance
2025-04-24,INE101A01026,M&M.NS,2917.800048828125,yfinance
2025-04-24,INE774D01024,M&MFIN.NS,269.8999938964844,yfinance
2025-04-24,INE215I01019,MAANALU.NS,86.5,yfinance
2025-04-24,INE155Z01011,MACPOWER.NS,843.25,yfinance
2025-04-24,INE925C01016,MADHAV.NS,47.2400016784668,yfinance
2025-04-24,INE378D01032,MADHUCON.NS,8.220000267028809,yfinance
2025-04-24,INE414A01015,MADRASFERT.NS,86.22000122070312,yfinance
2025-04-24,INE347W01011,MAGADSUGAR.NS,710.5999755859375,yfinance
2025-04-24,INE387I01016,MAGNUM.NS,27.350000381469727,yfinance
2025-04-24,INE457A01014,MAHABANK.NS,50.81999969482422,yfinance
2025-04-24,INE843B01013,MAHAPEXLTD.NS,118.94000244140625,yfinance
2025-04-24,INE451L01014,MAHASTEEL.NS,252.9499969482422,yfinance
2025-04-24,INE215D01010,MAHEPC.NS,142.3000030517578,yfinance
2025-04-24,INE263W01010,MAHESHWARI.NS,59.56999969482422,yfinance
2025-04-24,INE813A01018,MAHLIFE.NS,332.20001220703125,yfinance
2025-04-24,INE766P01016,MAHLOG.NS,312.95001220703125,yfinance
2025-04-24,INE288A01013,MAHSCOOTER.NS,11660.0,yfinance
2025-04-24,INE271B01025,MAHSEAMLES.NS,690.5,yfinance
2025-04-24,INE683C01011,MAITHANALL.NS,982.2999877929688,yfinance
2025-04-24,INE383H01017,MALUPAPER.NS,35.91999816894531,yfinance
2025-04-24,INE859Q01017,MANAKALUCO.NS,27.040000915527344,yfinance
2025-04-24,INE830Q01018,MANAKCOAT.NS,93.44999694824219,yfinance
2025-04-24,INE015D01022,MANAKSIA.NS,73.04000091552734,yfinance
2025-04-24,INE824Q01011,MANAKSTEEL.NS,68.04000091552734,yfinance
2025-04-24,INE201A01024,MANALIPETC.NS,57.349998474121094,yfinance
2025-04-24,INE522D01027,MANAPPURAM.NS,231.75,yfinance
2025-04-24,INE584F01014,MANGALAM.NS,82.12999725341797,yfinance
2025-04-24,INE558B01017,MANGCHEFER.NS,200.25999450683594,yfinance
2025-04-24,INE347A01017,MANGLMCEM.NS,807.0499877929688,yfinance
2025-04-24,INE993A01026,MANINDS.NS,285.45001220703125,yfinance
2025-04-24,INE949H01023,MANINFRA.NS,164.0,yfinance
2025-04-24,INE867A01022,MANUGRAPH.NS,18.170000076293945,yfinance
2025-04-24,INE882A01013,MARALOVER.NS,72.05000305175781,yfinance
2025-04-24,INE182D01020,MARATHON.NS,540.75,yfinance
2025-04-24,INE196A01026,MARICO.NS,716.5499877929688,yfinance
2025-04-24,INE01JE01010,MARINE.NS,205.44000244140625,yfinance
2025-04-24,INE750C01026,MARKSANS.NS,214.66000366210938,yfinance
2025-04-24,INE585B01010,MARUTI.NS,11907.0,yfinance
2025-04-24,INE348L01012,MASFIN.NS,276.19000244140625,yfinance
2025-04-24,INE885F01015,MASKINVEST.NS,159.8000030517578,yfinance
2025-04-24,INE759A01021,MASTEK.NS,2216.10009765625,yfinance
2025-04-24,INE866R01028,MATRIMONY.NS,500.8500061035156,yfinance
2025-04-24,INE636A01039,MAWANASUG.NS,92.36000061035156,yfinance
2025-04-24,INE027H01010,MAXHEALTH.NS,1129.5999755859375,yfinance
2025-04-24,INE0CG601016,MAXIND.NS,223.97000122070312,yfinance
2025-04-24,INE040D01038,MAYURUNIQ.NS,499.95001220703125,yfinance
2025-04-24,INE885E01034,MAZDA.NS,256.0,yfinance
2025-04-24,INE249Z01012,MAZDOCK.NS,2765.89990234375,yfinance
2025-04-24,INE900L01010,MBAPL.NS,272.8999938964844,yfinance
2025-04-24,INE912H01013,MBLINFRA.NS,47.150001525878906,yfinance
2025-04-24,INE813V01022,MCL.NS,58.06999969482422,yfinance
2025-04-24,INE942G01012,MCLEODRUSS.NS,36.77000045776367,yfinance
2025-04-24,INE745G01035,MCX.NS,6138.0,yfinance
2025-04-24,INE933B01012,MEGASOFT.NS,70.55999755859375,yfinance
2025-04-24,INE071D01033,MENONBE.NS,107.93000030517578,yfinance
2025-04-24,INE776I01010,MEP.NS,1.340000033378601,yfinance
2025-04-24,INE112L01020,METROPOLIS.NS,1749.699951171875,yfinance
2025-04-24,INE180A01020,MFSL.NS,1241.0,yfinance
2025-04-24,INE0APB01016,MGEL.NS,14.899999618530273,yfinance
2025-04-24,INE002S01010,MGL.NS,1323.0999755859375,yfinance
2025-04-24,INE998I01010,MHRIL.NS,316.6000061035156,yfinance
2025-04-24,INE099Z01011,MIDHANI.NS,293.20001220703125,yfinance
2025-04-24,INE842C01021,MINDACORP.NS,520.0999755859375,yfinance
2025-04-24,INE110B01017,MINDTECK.NS,217.0800018310547,yfinance
2025-04-24,INE831A01028,MIRCELECTR.NS,15.789999961853027,yfinance
2025-04-24,INE771A01026,MIRZAINT.NS,31.639999389648438,yfinance
2025-04-24,INE997Y01019,MITTAL.NS,1.7899999618530273,yfinance
2025-04-24,INE227C01017,MMFL.NS,352.8500061035156,yfinance
2025-04-24,INE511Y01018,MMP.NS,241.0500030517578,yfinance
2025-04-24,INE123F01029,MMTC.NS,55.83000183105469,yfinance
2025-04-24,INE832A01018,MODIRUBBER.NS,125.9000015258789,yfinance
2025-04-24,INE954E01012,MOHITIND.NS,29.520000457763672,yfinance
2025-04-24,INE490G01020,MOIL.NS,328.95001220703125,yfinance
2025-04-24,INE835B01035,MOLDTECH.NS,153.17999267578125,yfinance
2025-04-24,INE893J01029,MOLDTKPAC.NS,513.0499877929688,yfinance
2025-04-24,INE950M01013,MONTECARLO.NS,612.8499755859375,yfinance
2025-04-24,INE083A01026,MOREPENLAB.NS,54.52000045776367,yfinance
2025-04-24,INE338I01027,MOTILALOFS.NS,769.0,yfinance
2025-04-24,INE861B01023,MOTOGENFIN.NS,28.530000686645508,yfinance
2025-04-24,INE356A01018,MPHASIS.NS,2507.300048828125,yfinance
2025-04-24,INE943D01017,MPSLTD.NS,2500.89990234375,yfinance
2025-04-24,INE883A01011,MRF.NS,127980.0,yfinance
2025-04-24,INE103A01014,MRPL.NS,141.25999450683594,yfinance
2025-04-24,INE752G01015,MSPL.NS,28.540000915527344,yfinance
2025-04-24,INE255X01014,MSTCLTD.NS,533.1500244140625,yfinance
2025-04-24,INE472M01018,MTEDUCARE.NS,2.130000114440918,yfinance
2025-04-24,INE153A01019,MTNL.NS,44.0099983215332,yfinance
2025-04-24,INE304A01026,MUKANDLTD.NS,105.68000030517578,yfinance
2025-04-24,INE374B01019,MUKTAARTS.NS,73.25,yfinance
2025-04-24,INE672B01032,MUNJALAU.NS,76.69000244140625,yfinance
2025-04-24,INE577A01027,MUNJALSHOW.NS,119.91000366210938,yfinance
2025-04-24,INE692B01014,MURUDCERA.NS,35.880001068115234,yfinance
2025-04-24,INE296G01013,MUTHOOTCAP.NS,268.80999755859375,yfinance
2025-04-24,INE414G01012,MUTHOOTFIN.NS,2191.39990234375,yfinance
2025-04-24,INE295D01020,NACLIND.NS,198.74000549316406,yfinance
2025-04-24,INE454M01024,NAGAFERT.NS,4.849999904632568,yfinance
2025-04-24,INE245I01016,NAGREEKCAP.NS,27.290000915527344,yfinance
2025-04-24,INE123B01028,NAGREEKEXP.NS,27.25,yfinance
2025-04-24,INE049I01012,NAHARCAP.NS,269.5,yfinance
2025-04-24,INE289A01011,NAHARINDUS.NS,103.63999938964844,yfinance
2025-04-24,INE308A01027,NAHARPOLY.NS,215.58999633789062,yfinance
2025-04-24,INE290A01027,NAHARSPING.NS,228.9499969482422,yfinance
2025-04-24,INE298J01013,NAM-INDIA.NS,670.5999755859375,yfinance
2025-04-24,INE987B01026,NATCOPHARM.NS,844.5,yfinance
2025-04-24,INE448G01010,NATHBIOGEN.NS,167.6699981689453,yfinance
2025-04-24,INE139A01034,NATIONALUM.NS,162.07000732421875,yfinance
2025-04-24,INE663F01024,NAUKRI.NS,7085.5,yfinance
2025-04-24,INE048G01026,NAVINFLUOR.NS,4311.0,yfinance
2025-04-24,INE278M01019,NAVKARCORP.NS,96.7699966430664,yfinance
2025-04-24,INE060A01024,NAVNETEDUL.NS,144.27000427246094,yfinance
2025-04-24,INE095N01031,NBCC.NS,100.80999755859375,yfinance
2025-04-24,INE365I01020,NBIFIN.NS,2488.800048828125,yfinance
2025-04-24,INE868B01028,NCC.NS,219.77999877929688,yfinance
2025-04-24,INE732C01016,NCLIND.NS,213.4199981689453,yfinance
2025-04-24,INE756C01015,NDGL.NS,4300.7001953125,yfinance
2025-04-24,INE875G01030,NDL.NS,3.880000114440918,yfinance
2025-04-24,INE07OG01012,NDRAUTO.NS,689.2999877929688,yfinance
2025-04-24,INE155G01029,NDTV.NS,128.02000427246094,yfinance
2025-04-24,INE553C01016,NECCLTD.NS,24.100000381469727,yfinance
2025-04-24,INE023H01027,NECLIFE.NS,22.760000228881836,yfinance
2025-04-24,INE189I01024,NELCAST.NS,93.37999725341797,yfinance
2025-04-24,INE045B01015,NELCO.NS,890.5999755859375,yfinance
2025-04-24,INE136S01016,NEOGEN.NS,1606.300048828125,yfinance
2025-04-24,INE317F01035,NESCO.NS,963.8499755859375,yfinance
2025-04-24,INE239A01016,NESTLEIND.NS,2433.39990234375,yfinance
2025-04-24,INE870H01013,NETWORK18.NS,45.869998931884766,yfinance
2025-04-24,INE794A01010,NEULANDLAB.NS,12784.0,yfinance
2025-04-24,INE619B01017,NEWGEN.NS,993.1500244140625,yfinance
2025-04-24,INE747B01016,NEXTMEDIA.NS,7.239999771118164,yfinance
2025-04-24,INE870D01012,NFL.NS,88.5,yfinance
2025-04-24,INE410P01011,NH.NS,1800.5999755859375,yfinance
2025-04-24,INE848E01016,NHPC.NS,90.37000274658203,yfinance
2025-04-24,INE470Y01017,NIACL.NS,174.4600067138672,yfinance
2025-04-24,INE161A01038,NIITLTD.NS,145.61000061035156,yfinance
2025-04-24,INE937C01029,NILAINFRA.NS,10.149999618530273,yfinance
2025-04-24,INE00S901012,NILASPACES.NS,11.25,yfinance
2025-04-24,INE310A01015,NILKAMAL.NS,1659.4000244140625,yfinance
2025-04-24,INE567A01010,NIPPOBATRY.NS,510.6000061035156,yfinance
2025-04-24,INE368I01016,NIRAJ.NS,59.709999084472656,yfinance
2025-04-24,INE858F01012,NITCO.NS,130.2899932861328,yfinance
2025-04-24,INE229H01012,NITINSPIN.NS,380.20001220703125,yfinance
2025-04-24,INE542C01019,NKIND.NS,72.44999694824219,yfinance
2025-04-24,INE589A01014,NLCINDIA.NS,244.55999755859375,yfinance
2025-04-24,INE584A01023,NMDC.NS,68.11000061035156,yfinance
2025-04-24,INE163A01018,NOCIL.NS,188.3300018310547,yfinance
2025-04-24,INE781B01015,NOIDATOLL.NS,3.3299999237060547,yfinance
2025-04-24,INE369C01017,NORBTEAEXP.NS,42.45000076293945,yfinance
2025-04-24,INE740D01017,NRAIL.NS,276.2699890136719,yfinance
2025-04-24,INE349A01021,NRBBEARING.NS,238.55999755859375,yfinance
2025-04-24,INE023A01030,NSIL.NS,7456.0,yfinance
2025-04-24,INE733E01010,NTPC.NS,363.79998779296875,yfinance
2025-04-24,INE096B01018,NUCLEUS.NS,928.75,yfinance
2025-04-24,INE959C01023,OAL.NS,314.70001220703125,yfinance
2025-04-24,INE093I01010,OBEROIRLTY.NS,1706.0,yfinance
2025-04-24,INE321D01016,OCCL.NS,180.36000061035156,yfinance
2025-04-24,INE881D01027,OFSS.NS,8617.5,yfinance
2025-04-24,INE274J01014,OIL.NS,406.8500061035156,yfinance
2025-04-24,INE260D01016,OLECTRA.NS,1248.5,yfinance
2025-04-24,INE090B01011,OMAXAUTO.NS,89.2300033569336,yfinance
2025-04-24,INE800H01010,OMAXE.NS,78.8499984741211,yfinance
2025-04-24,INE912L01015,ONELIFECAP.NS,11.300000190734863,yfinance
2025-04-24,INE840Y01011,ONEPOINT.NS,66.04000091552734,yfinance
2025-04-24,INE213A01029,ONGC.NS,252.1699981689453,yfinance
2025-04-24,INE809I01019,ONMOBILE.NS,49.06999969482422,yfinance
2025-04-24,INE229A01017,ONWARDTEC.NS,271.29998779296875,yfinance
2025-04-24,INE350C01017,OPTIEMUS.NS,531.1500244140625,yfinance
2025-04-24,INE231G01010,ORBTEXP.NS,176.57000732421875,yfinance
2025-04-24,INE191A01027,ORCHPHARMA.NS,811.2000122070312,yfinance
2025-04-24,INE730A01022,ORICONENT.NS,40.0099983215332,yfinance
2025-04-24,INE998H01012,ORIENTALTL.NS,9.079999923706055,yfinance
2025-04-24,INE607D01018,ORIENTBELL.NS,258.0799865722656,yfinance
2025-04-24,INE876N01018,ORIENTCEM.NS,353.29998779296875,yfinance
2025-04-24,INE142Z01019,ORIENTELEC.NS,234.69000244140625,yfinance
2025-04-24,INE750A01020,ORIENTHOT.NS,156.9600067138672,yfinance
2025-04-24,INE609C01024,ORIENTLTD.NS,84.69000244140625,yfinance
2025-04-24,INE592A01026,ORIENTPPR.NS,25.8700008392334,yfinance
2025-04-24,INE725E01024,ORISSAMINE.NS,5524.5,yfinance
2025-04-24,INE849L01019,ORTEL.NS,1.7200000286102295,yfinance
2025-04-24,INE142A01012,OSWALAGRO.NS,97.98999786376953,yfinance
2025-04-24,INE761H01022,PAGEIND.NS,45935.0,yfinance
2025-04-24,INE420C01042,PAISALO.NS,34.56999969482422,yfinance
2025-04-24,INE471W01019,PALASHSECU.NS,130.4499969482422,yfinance
2025-04-24,INE218G01033,PALREDTEC.NS,50.22999954223633,yfinance
2025-04-24,INE922B01023,PANACEABIO.NS,512.9500122070312,yfinance
2025-04-24,INE895W01019,PANACHE.NS,239.1999969482422,yfinance
2025-04-24,INE305C01029,PANAMAPET.NS,378.25,yfinance
2025-04-24,INE074B01023,PARACABLES.NS,52.90999984741211,yfinance
2025-04-24,INE883N01014,PARAGMILK.NS,190.4499969482422,yfinance
2025-04-24,INE561H01026,PARSVNATH.NS,23.520000457763672,yfinance
2025-04-24,INE244B01030,PATELENG.NS,43.619998931884766,yfinance
2025-04-24,INE529D01014,PATINTLOG.NS,15.300000190734863,yfinance
2025-04-24,INE785M01013,PCJEWELLER.NS,13.5,yfinance
2025-04-24,INE865T01018,PDMJEPAPER.NS,121.06999969482422,yfinance
2025-04-24,INE844A01013,PEARLPOLY.NS,29.190000534057617,yfinance
2025-04-24,INE140A01024,PEL.NS,1021.5,yfinance
2025-04-24,INE932A01024,PENIND.NS,198.3800048828125,yfinance
2025-04-24,INE138A01028,PENINLAND.NS,28.8799991607666,yfinance
2025-04-24,INE262H01013,PERSISTENT.NS,5163.5,yfinance
2025-04-24,INE347G01014,PETRONET.NS,315.45001220703125,yfinance
2025-04-24,INE134E01011,PFC.NS,433.1000061035156,yfinance
2025-04-24,INE182A01018,PFIZER.NS,4243.5,yfinance
2025-04-24,INE367G01038,PFOCUS.NS,98.4800033569336,yfinance
2025-04-24,INE560K01014,PFS.NS,34.34000015258789,yfinance
2025-04-24,INE457L01011,PGEL.NS,956.0999755859375,yfinance
2025-04-24,INE179A01014,PGHH.NS,14250.0,yfinance
2025-04-24,INE199A01012,PGHL.NS,5240.0,yfinance
2025-04-24,INE940H01014,PGIL.NS,1044.300048828125,yfinance
2025-04-24,INE211B01039,PHOENIXLTD.NS,1674.0,yfinance
2025-04-24,INE318A01026,PIDILITIND.NS,3066.89990234375,yfinance
2025-04-24,INE603J01030,PIIND.NS,3656.699951171875,yfinance
2025-04-24,INE417C01014,PILANIINVS.NS,4523.7001953125,yfinance
2025-04-24,INE600A01035,PILITA.NS,15.90999984741211,yfinance
2025-04-24,INE156C01018,PIONEEREMB.NS,46.15999984741211,yfinance
2025-04-24,INE450D01021,PITTIENG.NS,986.7999877929688,yfinance
2025-04-24,INE431F01018,PKTEA.NS,735.4000244140625,yfinance
2025-04-24,INE083C01022,PLASTIBLEN.NS,198.57000732421875,yfinance
2025-04-24,INE160A01022,PNB.NS,103.01000213623047,yfinance
2025-04-24,INE859A01011,PNBGILTS.NS,99.13999938964844,yfinance
2025-04-24,INE572E01012,PNBHOUSING.NS,999.75,yfinance
2025-04-24,INE392B01011,PNC.NS,25.100000381469727,yfinance
2025-04-24,INE195J01029,PNCINFRA.NS,280.8500061035156,yfinance
2025-04-24,INE371C01013,PODDARMENT.NS,303.25,yfinance
2025-04-24,INE637C01025,POKARNA.NS,956.7999877929688,yfinance
2025-04-24,INE455K01017,POLYCAB.NS,5614.5,yfinance
2025-04-24,INE205C01021,POLYMED.NS,2449.199951171875,yfinance
2025-04-24,INE633B01018,POLYPLEX.NS,1255.699951171875,yfinance
2025-04-24,INE838E01017,PONNIERODE.NS,339.0,yfinance
2025-04-24,INE752E01010,POWERGRID.NS,314.95001220703125,yfinance
2025-04-24,INE07Y701011,POWERINDIA.NS,13910.0,yfinance
2025-04-24,INE211R01019,POWERMECH.NS,2767.60009765625,yfinance
2025-04-24,INE095I01015,PPAP.NS,179.1199951171875,yfinance
2025-04-24,INE050001010,PPL.NS,439.6000061035156,yfinance
2025-04-24,INE505C01016,PRAENG.NS,23.670000076293945,yfinance
2025-04-24,INE074A01025,PRAJIND.NS,529.25,yfinance
2025-04-24,INE603A01013,PRAKASH.NS,180.2899932861328,yfinance
2025-04-24,INE696K01024,PRAKASHSTL.NS,6.96999979019165,yfinance
2025-04-24,INE546Y01022,PRAXIS.NS,9.90999984741211,yfinance
2025-04-24,INE484I01029,PRECAM.NS,175.25,yfinance
2025-04-24,INE283A01014,PRECOT.NS,443.3999938964844,yfinance
2025-04-24,INE372C01029,PRECWIRE.NS,143.86000061035156,yfinance
2025-04-24,INE863B01011,PREMEXPLN.NS,394.3999938964844,yfinance
2025-04-24,INE342A01018,PREMIER.NS,3.130000114440918,yfinance
2025-04-24,INE309M01012,PREMIERPOL.NS,62.90999984741211,yfinance
2025-04-24,INE811K01011,PRESTIGE.NS,1323.800048828125,yfinance
2025-04-24,INE726V01018,PRICOLLTD.NS,459.0,yfinance
2025-04-24,INE032B01021,PRIMESECU.NS,249.4499969482422,yfinance
2025-04-24,INE689W01016,PRINCEPIPE.NS,262.989990234375,yfinance
2025-04-24,INE959A01019,PRIVISCL.NS,1907.5999755859375,yfinance
2025-04-24,INE010A01011,PRSMJOHNSN.NS,134.63999938964844,yfinance
2025-04-24,INE608A01012,PSB.NS,29.979999542236328,yfinance
2025-04-24,INE488V01015,PSPPROJECT.NS,640.6500244140625,yfinance
2025-04-24,INE877F01012,PTC.NS,182.36000061035156,yfinance
2025-04-24,INE034D01031,PTL.NS,40.119998931884766,yfinance
2025-04-24,INE277B01014,PUNJABCHEM.NS,1060.949951171875,yfinance
2025-04-24,INE323I01011,PURVA.NS,262.75,yfinance
2025-04-24,INE615P01015,QUESS.NS,361.54998779296875,yfinance
2025-04-24,INE306L01010,QUICKHEAL.NS,291.54998779296875,yfinance
2025-04-24,INE874F01027,RADAAN.NS,3.75,yfinance
2025-04-24,INE944F01028,RADICO.NS,2490.89990234375,yfinance
2025-04-24,INE919I01024,RADIOCITY.NS,10.5600004196167,yfinance
2025-04-24,INE855B01025,RAIN.NS,145.33999633789062,yfinance
2025-04-24,INE343B01030,RAJESHEXPO.NS,199.72999572753906,yfinance
2025-04-24,INE451D01011,RAJRATAN.NS,438.0,yfinance
2025-04-24,INE562B01019,RAJSREESUG.NS,49.27000045776367,yfinance
2025-04-24,INE952H01027,RAJTV.NS,50.86000061035156,yfinance
2025-04-24,INE613A01020,RALLIS.NS,253.88999938964844,yfinance
2025-04-24,INE278B01020,RAMANEWS.NS,38.310001373291016,yfinance
2025-04-24,INE230R01027,RAMASTEEL.NS,10.359999656677246,yfinance
2025-04-24,INE331A01037,RAMCOCEM.NS,976.7000122070312,yfinance
2025-04-24,INE614A01028,RAMCOIND.NS,243.35000610351562,yfinance
2025-04-24,INE246B01019,RAMCOSYS.NS,407.75,yfinance
2025-04-24,INE874I01013,RAMKY.NS,501.3999938964844,yfinance
2025-04-24,INE625B01014,RANASUG.NS,14.399999618530273,yfinance
2025-04-24,INE384A01010,RANEHOLDIN.NS,1397.0,yfinance
2025-04-24,INE703B01027,RATNAMANI.NS,2660.699951171875,yfinance
2025-04-24,INE301A01014,RAYMOND.NS,1550.5,yfinance
2025-04-24,INE976G01028,RBLBANK.NS,191.6699981689453,yfinance
2025-04-24,INE027A01015,RCF.NS,142.02000427246094,yfinance
2025-04-24,INE330H01018,RCOM.NS,1.6699999570846558,yfinance
2025-04-24,INE020B01018,RECLTD.NS,440.79998779296875,yfinance
2025-04-24,INE891D01026,REDINGTON.NS,238.08999633789062,yfinance
2025-04-24,INE056I01017,REFEX.NS,484.5,yfinance
2025-04-24,INE131B01039,RELAXO.NS,430.3999938964844,yfinance
2025-04-24,INE002A01018,RELIANCE.NS,1300.0,yfinance
2025-04-24,INE621H01010,RELIGARE.NS,219.10000610351562,yfinance
2025-04-24,INE036A01016,RELINFRA.NS,266.25,yfinance
2025-04-24,INE474C01015,REMSONSIND.NS,123.80000305175781,yfinance
2025-04-24,INE087H01022,RENUKA.NS,30.079999923706055,yfinance
2025-04-24,INE612J01015,REPCOHOME.NS,401.3500061035156,yfinance
2025-04-24,INE364Z01019,REPL.NS,178.02000427246094,yfinance
2025-04-24,INE461B01014,REPRO.NS,464.1499938964844,yfinance
2025-04-24,INE688D01026,RESPONIND.NS,197.19000244140625,yfinance
2025-04-24,INE722H01016,RGL.NS,123.91000366210938,yfinance
2025-04-24,INE217K01011,RHFL.NS,3.509999990463257,yfinance
2025-04-24,INE209B01025,RICOAUTO.NS,67.58999633789062,yfinance
2025-04-24,INE046A01015,RIIL.NS,873.25,yfinance
2025-04-24,INE320J01015,RITES.NS,241.80999755859375,yfinance
2025-04-24,INE722J01012,RKDL.NS,29.6200008392334,yfinance
2025-04-24,INE786W01010,RKEC.NS,74.73999786376953,yfinance
2025-04-24,INE399G01015,RKFORGE.NS,678.5499877929688,yfinance
2025-04-24,INE050H01012,RML.NS,726.5,yfinance
2025-04-24,INE283H01019,ROHLTD.NS,397.95001220703125,yfinance
2025-04-24,INE927A01040,ROLLT.NS,1.5499999523162842,yfinance
2025-04-24,INE293A01013,ROLTA.NS,2.6500000953674316,yfinance
2025-04-24,INE294G01026,ROML.NS,48.29999923706055,yfinance
2025-04-24,INE02A801020,ROSSARI.NS,703.2000122070312,yfinance
2025-04-24,INE847C01020,ROSSELLIND.NS,75.31999969482422,yfinance
2025-04-24,INE450U01017,ROUTE.NS,1009.2000122070312,yfinance
2025-04-24,INE105J01010,RPGLIFE.NS,2315.699951171875,yfinance
2025-04-24,INE614G01033,RPOWER.NS,43.529998779296875,yfinance
2025-04-24,INE324L01013,RPPINFRA.NS,168.85000610351562,yfinance
2025-04-24,INE165B01029,RSSOFTWARE.NS,67.87000274658203,yfinance
2025-04-24,INE611A01016,RSWM.NS,156.35000610351562,yfinance
2025-04-24,INE411H01032,RSYSTEMS.NS,333.0,yfinance
2025-04-24,INE399K01017,RTNPOWER.NS,11.329999923706055,yfinance
2025-04-24,INE301D01026,RUBYMILLS.NS,206.7899932861328,yfinance
2025-04-24,INE413B01023,RUCHINFRA.NS,8.020000457763672,yfinance
2025-04-24,INE803H01014,RUCHIRA.NS,126.62999725341797,yfinance
2025-04-24,INE895B01021,RUPA.NS,197.05999755859375,yfinance
2025-04-24,INE573K01017,RUSHIL.NS,24.239999771118164,yfinance
2025-04-24,INE09E501017,RVHL.NS,48.58000183105469,yfinance
2025-04-24,INE415G01027,RVNL.NS,373.8999938964844,yfinance
2025-04-24,INE902B01017,S&SPOWER.NS,397.1499938964844,yfinance
2025-04-24,INE860T01019,SABEVENTS.NS,5.090000152587891,yfinance
2025-04-24,INE226H01026,SADBHAV.NS,13.729999542236328,yfinance
2025-04-24,INE764L01010,SADBHIN.NS,5.239999771118164,yfinance
2025-04-24,INE429E01023,SAFARI.NS,2051.10009765625,yfinance
2025-04-24,INE976T01013,SAGARDEEP.NS,29.770000457763672,yfinance
2025-04-24,INE229C01013,SAGCEM.NS,219.77000427246094,yfinance
2025-04-24,INE114A01011,SAIL.NS,116.76000213623047,yfinance
2025-04-24,INE732S01012,SAKAR.NS,306.4800109863281,yfinance
2025-04-24,INE623A01011,SAKHTISUG.NS,24.399999618530273,yfinance
2025-04-24,INE667G01015,SAKSOFT.NS,165.7899932861328,yfinance
2025-04-24,INE190H01024,SAKUMA.NS,3.1600000858306885,yfinance
2025-04-24,INE170V01019,SALASAR.NS,9.430000305175781,yfinance
2025-04-24,INE498E01010,SALONA.NS,259.510009765625,yfinance
2025-04-24,INE658G01014,SALSTEEL.NS,21.079999923706055,yfinance
2025-04-24,INE457F01013,SALZERELEC.NS,1077.5,yfinance
2025-04-24,INE699B01027,SAMBHAAV.NS,7.96999979019165,yfinance
2025-04-24,INE782L01012,SANCO.NS,2.5,yfinance
2025-04-24,INE583B01015,SANDESH.NS,1163.699951171875,yfinance
2025-04-24,INE278H01035,SANDHAR.NS,404.3500061035156,yfinance
2025-04-24,INE495C01010,SANGAMIND.NS,419.8500061035156,yfinance
2025-04-24,INE999B01013,SANGHIIND.NS,64.0999984741211,yfinance
2025-04-24,INE989A01024,SANGHVIMOV.NS,296.6600036621094,yfinance
2025-04-24,INE753W01010,SANGINITA.NS,11.319999694824219,yfinance
2025-04-24,INE058A01010,SANOFI.NS,6440.5,yfinance
2025-04-24,INE890C01046,SANWARIA.NS,0.38999998569488525,yfinance
2025-04-24,INE385C01013,SARDAEN.NS,499.8500061035156,yfinance
2025-04-24,INE979A01017,SAREGAMA.NS,565.5499877929688,yfinance
2025-04-24,INE453D01025,SARLAPOLY.NS,100.87000274658203,yfinance
2025-04-24,INE231F01020,SASKEN.NS,1635.0,yfinance
2025-04-24,INE019J01013,SASTASUNDR.NS,257.1700134277344,yfinance
2025-04-24,INE170E01023,SATIA.NS,75.36000061035156,yfinance
2025-04-24,INE836B01017,SATIN.NS,163.25999450683594,yfinance
2025-04-24,INE018E01016,SBICARD.NS,915.9000244140625,yfinance
2025-04-24,INE123W01016,SBILIFE.NS,1615.5,yfinance
2025-04-24,INE062A01020,SBIN.NS,813.4500122070312,yfinance
2025-04-24,INE513A01014,SCHAEFFLER.NS,3281.60009765625,yfinance
2025-04-24,INE807K01035,SCHAND.NS,210.63999938964844,yfinance
2025-04-24,INE839M01018,SCHNEIDER.NS,621.0999755859375,yfinance
2025-04-24,INE109A01011,SCI.NS,176.63999938964844,yfinance
2025-04-24,INE480C01020,SDBL.NS,139.5500030517578,yfinance
2025-04-24,INE497B01018,SEAMECLTD.NS,973.5,yfinance
2025-04-24,INE818A01017,SELAN.NS,559.2000122070312,yfinance
2025-04-24,INE807F01027,SEQUENT.NS,148.72000122070312,yfinance
2025-04-24,INE630A01024,SESHAPAPER.NS,274.0,yfinance
2025-04-24,INE878E01021,SETCO.NS,18.540000915527344,yfinance
2025-04-24,INE023M01027,SETUINFRA.NS,0.6299999952316284,yfinance
2025-04-24,INE916U01025,SFL.NS,668.0999755859375,yfinance
2025-04-24,INE353H01010,SGL.NS,14.359999656677246,yfinance
2025-04-24,INE640C01011,SHAHALLOYS.NS,61.75,yfinance
2025-04-24,INE908D01010,SHAKTIPUMP.NS,942.5499877929688,yfinance
2025-04-24,INE597J01018,SHALBY.NS,198.67999267578125,yfinance
2025-04-24,INE849C01026,SHALPAINTS.NS,115.66999816894531,yfinance
2025-04-24,INE274V01019,SHANKARA.NS,674.9500122070312,yfinance
2025-04-24,INE631A01022,SHANTIGEAR.NS,526.7000122070312,yfinance
2025-04-24,INE221J01015,SHARDACROP.NS,574.2999877929688,yfinance
2025-04-24,INE597I01010,SHARDAMOTR.NS,1678.9000244140625,yfinance
2025-04-24,INE932X01018,SHAREINDIA.NS,159.50999450683594,yfinance
2025-04-24,INE363M01019,SHEMAROO.NS,104.56999969482422,yfinance
2025-04-24,INE790G01031,SHILPAMED.NS,681.25,yfinance
2025-04-24,INE637H01024,SHIVAMAUTO.NS,31.010000228881836,yfinance
2025-04-24,INE644Y01017,SHIVAMILLS.NS,76.58999633789062,yfinance
2025-04-24,INE705C01020,SHIVATEX.NS,192.97999572753906,yfinance
2025-04-24,INE500L01026,SHK.NS,208.42999267578125,yfinance
2025-04-24,INE498B01024,SHOPERSTOP.NS,548.0999755859375,yfinance
2025-04-24,INE715Y01015,SHRADHA.NS,58.060001373291016,yfinance
2025-04-24,INE232A01011,SHREDIGCEM.NS,78.68000030517578,yfinance
2025-04-24,INE070A01015,SHREECEM.NS,30365.0,yfinance
2025-04-24,INE712K01011,SHREEPUSHK.NS,252.3000030517578,yfinance
2025-04-24,INE879A01019,SHREERAMA.NS,38.790000915527344,yfinance
2025-04-24,INE632X01030,SHRENIK.NS,0.699999988079071,yfinance
2025-04-24,INE231C01019,SHREYANIND.NS,191.8699951171875,yfinance
2025-04-24,INE526E01018,SHRIPISTON.NS,1925.5999755859375,yfinance
2025-04-24,INE979R01011,SHYAMCENT.NS,8.680000305175781,yfinance
2025-04-24,INE635A01023,SHYAMTEL.NS,13.729999542236328,yfinance
2025-04-24,INE003A01024,SIEMENS.NS,2872.0,yfinance
2025-04-24,INE529F01035,SIGIND.NS,53.849998474121094,yfinance
2025-04-24,INE173A01025,SIL.NS,20.530000686645508,yfinance
2025-04-24,INE923A01015,SILINV.NS,648.25,yfinance
2025-04-24,INE203Y01012,SILLYMONKS.NS,16.18000030517578,yfinance
2025-04-24,INE748T01016,SIMBHALS.NS,14.289999961853027,yfinance
2025-04-24,INE059B01024,SIMPLEXINF.NS,311.25,yfinance
2025-04-24,INE129Z01016,SINTERCOM.NS,124.91000366210938,yfinance
2025-04-24,INE792Z01011,SIRCA.NS,300.3599853515625,yfinance
2025-04-24,INE285J01028,SIS.NS,336.8999938964844,yfinance
2025-04-24,INE965H01011,SITINET.NS,0.5699999928474426,yfinance
2025-04-24,INE076B01028,SIYSIL.NS,751.4000244140625,yfinance
2025-04-24,INE002L01015,SJVN.NS,100.01000213623047,yfinance
2025-04-24,INE640A01023,SKFINDIA.NS,3924.199951171875,yfinance
2025-04-24,INE439E01022,SKIPPER.NS,456.95001220703125,yfinance
2025-04-24,INE411D01015,SKMEGGPROD.NS,201.6300048828125,yfinance
2025-04-24,INE178C01020,SMARTLINK.NS,159.00999450683594,yfinance
2025-04-24,INE294B01019,SMLISUZU.NS,1751.800048828125,yfinance
2025-04-24,INE320X01016,SMSLIFE.NS,1536.199951171875,yfinance
2025-04-24,INE812G01025,SMSPHARMA.NS,240.69000244140625,yfinance
2025-04-24,INE734N01019,SNOWMAN.NS,54.45000076293945,yfinance
2025-04-24,INE671H01015,SOBHA.NS,1295.9000244140625,yfinance
2025-04-24,INE624Z01016,SOLARA.NS,518.5,yfinance
2025-04-24,INE343H01029,SOLARINDS.NS,13084.0,yfinance
2025-04-24,INE355A01028,SOMANYCERA.NS,445.3999938964844,yfinance
2025-04-24,INE314C01013,SOMATEX.NS,46.5099983215332,yfinance
2025-04-24,INE323J01019,SOMICONVEY.NS,194.0399932861328,yfinance
2025-04-24,INE269A01021,SONATSOFTW.NS,327.8999938964844,yfinance
2025-04-24,INE035D01012,SOTL.NS,392.1499938964844,yfinance
2025-04-24,INE683A01023,SOUTHBANK.NS,26.049999237060547,yfinance
2025-04-24,INE980Y01015,SOUTHWEST.NS,122.7300033569336,yfinance
2025-04-24,INE212I01016,SPAL.NS,734.3499755859375,yfinance
2025-04-24,INE572J01011,SPANDANA.NS,305.5,yfinance
2025-04-24,INE232I01014,SPARC.NS,153.75999450683594,yfinance
2025-04-24,INE247M01014,SPECIALITY.NS,142.9499969482422,yfinance
2025-04-24,INE020801028,SPENCERS.NS,69.5,yfinance
2025-04-24,INE147A01011,SPIC.NS,83.41000366210938,yfinance
2025-04-24,INE978G01016,SPLIL.NS,37.959999084472656,yfinance
2025-04-24,INE937A01023,SPMLINFRA.NS,211.35000610351562,yfinance
2025-04-24,INE099F01013,SREEL.NS,241.86000061035156,yfinance
2025-04-24,INE647A01010,SRF.NS,3000.60009765625,yfinance
2025-04-24,INE917H01012,SRHHYPOLTD.NS,539.75,yfinance
2025-04-24,INE008Z01012,SRPL.NS,1.0499999523162842,yfinance
2025-04-24,INE802C01017,SSWL.NS,206.02000427246094,yfinance
2025-04-24,INE939A01011,STAR.NS,665.7999877929688,yfinance
2025-04-24,INE460H01021,STARCEMENT.NS,222.91000366210938,yfinance
2025-04-24,INE733A01018,STARPAPER.NS,172.0,yfinance
2025-04-24,INE655A01013,STCINDIA.NS,123.27999877929688,yfinance
2025-04-24,INE395H01011,STEELCITY.NS,102.7300033569336,yfinance
2025-04-24,INE503B01013,STEELXIND.NS,8.59000015258789,yfinance
2025-04-24,INE577L01016,STEL.NS,407.1499938964844,yfinance
2025-04-24,INE334A01023,STERTOOLS.NS,332.3500061035156,yfinance
2025-04-24,INE089C01029,STLTECH.NS,86.97000122070312,yfinance
2025-04-24,INE754A01055,SUBEXLTD.NS,12.930000305175781,yfinance
2025-04-24,INE287B01021,SUBROS.NS,614.4500122070312,yfinance
2025-04-24,INE659A01023,SUDARSCHEM.NS,1047.3499755859375,yfinance
2025-04-24,INE258G01013,SUMICHEM.NS,551.1500244140625,yfinance
2025-04-24,INE748Z01013,SUMIT.NS,113.91000366210938,yfinance
2025-04-24,INE519C01017,SUMMITSEC.NS,2124.800048828125,yfinance
2025-04-24,INE108E01023,SUNDARAM.NS,2.049999952316284,yfinance
2025-04-24,INE660A01013,SUNDARMFIN.NS,5296.39990234375,yfinance
2025-04-24,INE202Z01029,SUNDARMHLD.NS,342.3500061035156,yfinance
2025-04-24,INE073D01013,SUNDRMBRAK.NS,811.3499755859375,yfinance
2025-04-24,INE387A01021,SUNDRMFAST.NS,937.2999877929688,yfinance
2025-04-24,INE947A01014,SUNFLAG.NS,257.9700012207031,yfinance
2025-04-24,INE044A01036,SUNPHARMA.NS,1788.800048828125,yfinance
2025-04-24,INE805D01034,SUNTECK.NS,411.25,yfinance
2025-04-24,INE424H01027,SUNTV.NS,656.4500122070312,yfinance
2025-04-24,INE712B01010,SUPERHOUSE.NS,162.60000610351562,yfinance
2025-04-24,INE662A01027,SUPERSPIN.NS,11.279999732971191,yfinance
2025-04-24,INE399C01030,SUPRAJIT.NS,404.3999938964844,yfinance
2025-04-24,INE319Z01013,SUPREMEENG.NS,2.299999952316284,yfinance
2025-04-24,INE195A01028,SUPREMEIND.NS,3526.0,yfinance
2025-04-24,INE550H01011,SUPREMEINF.NS,96.83999633789062,yfinance
2025-04-24,INE272L01022,SURANASOL.NS,35.45000076293945,yfinance
2025-04-24,INE130B01031,SURANAT&P.NS,18.8799991607666,yfinance
2025-04-24,INE713B01026,SURYALAXMI.NS,64.38999938964844,yfinance
2025-04-24,INE335A01012,SURYAROSNI.NS,269.95001220703125,yfinance
2025-04-24,INE645H01027,SUTLEJTEX.NS,39.13999938964844,yfinance
2025-04-24,INE591Q01016,SUULD.NS,2.630000114440918,yfinance
2025-04-24,INE495B01038,SUVEN.NS,130.10000610351562,yfinance
2025-04-24,INE03QK01018,SUVENPHAR.NS,1205.0,yfinance
2025-04-24,INE040H01021,SUZLON.NS,59.9900016784668,yfinance
2025-04-24,INE665A01038,SWANENERGY.NS,435.3500061035156,yfinance
2025-04-24,INE277A01016,SWARAJENG.NS,4209.60009765625,yfinance
2025-04-24,INE409B01013,SWELECTES.NS,574.2999877929688,yfinance
2025-04-24,INE00M201021,SWSOLAR.NS,325.20001220703125,yfinance
2025-04-24,INE225D01027,SYMPHONY.NS,1195.199951171875,yfinance
2025-04-24,INE398R01022,SYNGENE.NS,749.1500244140625,yfinance
2025-04-24,INE123C01018,TAINWALCHM.NS,226.7100067138672,yfinance
2025-04-24,INE586B01026,TAJGVK.NS,451.70001220703125,yfinance
2025-04-24,INE142I01023,TAKE.NS,8.770000457763672,yfinance
2025-04-24,INE187D01011,TALBROAUTO.NS,267.760009765625,yfinance
2025-04-24,INE483C01032,TANLA.NS,482.04998779296875,yfinance
2025-04-24,INE0EK901012,TARC.NS,161.9499969482422,yfinance
2025-04-24,INE924H01018,TARMAT.NS,54.849998474121094,yfinance
2025-04-24,INE488B01017,TASTYBITE.NS,9103.5,yfinance
2025-04-24,INE092A01019,TATACHEM.NS,857.5999755859375,yfinance
2025-04-24,INE151A01013,TATACOMM.NS,1584.4000244140625,yfinance
2025-04-24,INE192A01025,TATACONSUM.NS,1150.0999755859375,yfinance
2025-04-24,INE670A01012,TATAELXSI.NS,5664.5,yfinance
2025-04-24,INE672A01018,TATAINVEST.NS,6256.5,yfinance
2025-04-24,INE155A01022,TATAMOTORS.NS,659.9000244140625,yfinance
2025-04-24,INE245A01021,TATAPOWER.NS,394.45001220703125,yfinance
2025-04-24,INE081A01012,TATASTEEL.NS,141.16000366210938,yfinance
2025-04-24,INE760L01018,TBZ.NS,221.02999877929688,yfinance
2025-04-24,INE688A01022,TCI.NS,1090.5,yfinance
2025-04-24,INE586V01016,TCIEXP.NS,686.9000244140625,yfinance
2025-04-24,INE911B01018,TCIFINANCE.NS,12.319999694824219,yfinance
2025-04-24,INE822C01015,TCPLPACK.NS,3983.300048828125,yfinance
2025-04-24,INE467B01029,TCS.NS,3413.0,yfinance
2025-04-24,INE419M01019,TDPOWERSYS.NS,424.29998779296875,yfinance
2025-04-24,INE985S01024,TEAMLEASE.NS,1917.699951171875,yfinance
2025-04-24,INE669C01036,TECHM.NS,1439.5999755859375,yfinance
2025-04-24,INE285K01026,TECHNOE.NS,1135.699951171875,yfinance
2025-04-24,INE010J01012,TEJASNET.NS,886.9000244140625,yfinance
2025-04-24,INE482B01010,TERASOFT.NS,220.7899932861328,yfinance
2025-04-24,INE435C01024,TEXINFRA.NS,106.05999755859375,yfinance
2025-04-24,INE141K01013,TEXMOPIPES.NS,63.43000030517578,yfinance
2025-04-24,INE621L01012,TEXRAIL.NS,152.0399932861328,yfinance
2025-04-24,INE305A01015,TFCILTD.NS,187.4499969482422,yfinance
2025-04-24,INE804H01012,TFL.NS,13.329999923706055,yfinance
2025-04-24,INE797H01018,TGBHOTELS.NS,10.460000038146973,yfinance
2025-04-24,INE085J01014,THANGAMAYL.NS,2091.800048828125,yfinance
2025-04-24,INE924D01017,THEINVEST.NS,149.3300018310547,yfinance
2025-04-24,INE083B01016,THEMISMED.NS,137.5800018310547,yfinance
2025-04-24,INE152A01029,THERMAX.NS,3449.60009765625,yfinance
2025-04-24,INE332A01027,THOMASCOOK.NS,147.6199951171875,yfinance
2025-04-24,INE480M01011,THOMASCOTT.NS,320.04998779296875,yfinance
2025-04-24,INE594H01019,THYROCARE.NS,769.2000122070312,yfinance
2025-04-24,INE133E01013,TI.NS,301.4700012207031,yfinance
2025-04-24,INE545H01011,TIIL.NS,2586.39990234375,yfinance
2025-04-24,INE974X01010,TIINDIA.NS,2673.0,yfinance
2025-04-24,INE440L01017,TIJARIA.NS,6.440000057220459,yfinance
2025-04-24,INE806C01018,TIL.NS,240.4199981689453,yfinance
2025-04-24,INE289C01025,TIMESGTY.NS,179.05999755859375,yfinance
2025-04-24,INE508G01029,TIMETECHNO.NS,370.6499938964844,yfinance
2025-04-24,INE325A01013,TIMKEN.NS,2619.699951171875,yfinance
2025-04-24,INE338A01024,TIRUMALCHM.NS,273.0199890136719,yfinance
2025-04-24,INE319Y01016,TIRUPATIFL.NS,36.27000045776367,yfinance
2025-04-24,INE280A01028,TITAN.NS,3357.300048828125,yfinance
2025-04-24,INE148A01019,TNPETRO.NS,73.5,yfinance
2025-04-24,INE107A01015,TNPL.NS,136.02000427246094,yfinance
2025-04-24,INE141D01018,TNTELE.NS,10.149999618530273,yfinance
2025-04-24,INE932C01012,TOKYOPLAST.NS,126.93000030517578,yfinance
2025-04-24,INE685A01028,TORNTPHARM.NS,3332.39990234375,yfinance
2025-04-24,INE813H01021,TORNTPOWER.NS,1609.5999755859375,yfinance
2025-04-24,INE336X01012,TOTAL.NS,74.55000305175781,yfinance
2025-04-24,INE486Y01013,TOUCHWOOD.NS,82.80999755859375,yfinance
2025-04-24,INE413G01014,TPLPLASTEH.NS,90.02999877929688,yfinance
2025-04-24,INE040M01013,TREEHOUSE.NS,9.100000381469727,yfinance
2025-04-24,INE00CA01015,TREJHARA.NS,270.510009765625,yfinance
2025-04-24,INE849A01020,TRENT.NS,5329.0,yfinance
2025-04-24,INE391D01019,TRF.NS,417.3999938964844,yfinance
2025-04-24,INE064C01022,TRIDENT.NS,29.43000030517578,yfinance
2025-04-24,INE948A01012,TRIGYN.NS,81.4800033569336,yfinance
2025-04-24,INE152M01016,TRITURBINE.NS,521.25,yfinance
2025-04-24,INE256C01024,TRIVENI.NS,414.1499938964844,yfinance
2025-04-24,INE910C01018,TTKHLTCARE.NS,1239.9000244140625,yfinance
2025-04-24,INE690A01010,TTKPRESTIG.NS,645.25,yfinance
2025-04-24,INE592B01016,TTL.NS,13.8100004196167,yfinance
2025-04-24,INE517B01013,TTML.NS,61.18000030517578,yfinance
2025-04-24,INE236G01019,TVSELECT.NS,416.8500061035156,yfinance
2025-04-24,INE494B01023,TVSMOTOR.NS,2806.699951171875,yfinance
2025-04-24,INE421C01016,TVSSRICHAK.NS,2971.800048828125,yfinance
2025-04-24,INE038F01029,TVTODAY.NS,170.49000549316406,yfinance
2025-04-24,INE871L01013,TVVISION.NS,6.510000228881836,yfinance
2025-04-24,INE686F01025,UBL.NS,2238.89990234375,yfinance
2025-04-24,INE691A01018,UCOBANK.NS,31.170000076293945,yfinance
2025-04-24,INE516A01017,UFLEX.NS,559.2000122070312,yfinance
2025-04-24,INE527H01019,UFO.NS,73.58999633789062,yfinance
2025-04-24,INE071E01023,UGARSUGAR.NS,47.279998779296875,yfinance
2025-04-24,INE551W01018,UJJIVANSFB.NS,44.95000076293945,yfinance
2025-04-24,INE481G01011,ULTRACEMCO.NS,11949.0,yfinance
2025-04-24,INE864B01027,UMANGDAIRY.NS,80.05000305175781,yfinance
2025-04-24,INE240C01028,UMESLTD.NS,6.349999904632568,yfinance
2025-04-24,INE351A01035,UNICHEMLAB.NS,646.2000122070312,yfinance
2025-04-24,INE961D01019,UNIDT.NS,223.0800018310547,yfinance
2025-04-24,INE037A01022,UNIENTER.NS,161.88999938964844,yfinance
2025-04-24,INE692A01016,UNIONBANK.NS,129.3000030517578,yfinance
2025-04-24,INE694A01020,UNITECH.NS,6.489999771118164,yfinance
2025-04-24,INE458F01011,UNITEDTEA.NS,416.1499938964844,yfinance
2025-04-24,INE562X01013,UNIVASTU.NS,279.7699890136719,yfinance
2025-04-24,INE279A01012,UNIVCABLES.NS,473.04998779296875,yfinance
2025-04-24,INE03V001013,UNIVPHOTO.NS,203.63999938964844,yfinance
2025-04-24,INE628A01036,UPL.NS,679.9000244140625,yfinance
2025-04-24,INE550C01020,URJA.NS,14.15999984741211,yfinance
2025-04-24,INE228A01035,USHAMART.NS,305.70001220703125,yfinance
2025-04-24,INE094J01016,UTIAMC.NS,1135.300048828125,yfinance
2025-04-24,INE786F01031,UTTAMSUGAR.NS,307.25,yfinance
2025-04-24,INE945H01013,V2RETAIL.NS,1904.0,yfinance
2025-04-24,INE694D01016,VADILALIND.NS,7100.2001953125,yfinance
2025-04-24,INE884A01019,VAIBHAVGBL.NS,230.33999633789062,yfinance
2025-04-24,INE972X01014,VAISHALI.NS,14.779999732971191,yfinance
2025-04-24,INE051B01021,VAKRANGEE.NS,10.170000076293945,yfinance
2025-04-24,INE565V01010,VALIANTORG.NS,354.8999938964844,yfinance
2025-04-24,INE116G01013,VARDHACRLC.NS,44.209999084472656,yfinance
2025-04-24,INE835A01011,VARDMNPOLY.NS,12.789999961853027,yfinance
2025-04-24,INE665L01035,VARROC.NS,457.1000061035156,yfinance
2025-04-24,INE893I01013,VASCONEQ.NS,41.40999984741211,yfinance
2025-04-24,INE590L01019,VASWANI.NS,47.75,yfinance
2025-04-24,INE200M01013,VBL.NS,549.1500244140625,yfinance
2025-04-24,INE205A01025,VEDL.NS,418.20001220703125,yfinance
2025-04-24,INE398A01010,VENKEYS.NS,1744.4000244140625,yfinance
2025-04-24,INE411B01019,VENUSREM.NS,338.45001220703125,yfinance
2025-04-24,INE188Y01015,VERTOZ.NS,9.390000343322754,yfinance
2025-04-24,INE386A01015,VESUVIUS.NS,4694.0,yfinance
2025-04-24,INE918N01018,VETO.NS,108.11000061035156,yfinance
2025-04-24,INE951I01027,VGUARD.NS,358.8999938964844,yfinance
2025-04-24,INE701A01023,VHL.NS,3807.0,yfinance
2025-04-24,INE632C01026,VIDHIING.NS,430.54998779296875,yfinance
2025-04-24,INE159N01027,VIJIFIN.NS,2.569999933242798,yfinance
2025-04-24,INE806A01020,VIKASECO.NS,2.5399999618530273,yfinance
2025-04-24,INE579C01029,VIMTALABS.NS,1048.199951171875,yfinance
2025-04-24,INE410B01037,VINATIORGA.NS,1669.9000244140625,yfinance
2025-04-24,INE707A01012,VINDHYATEL.NS,1394.9000244140625,yfinance
2025-04-24,INE250B01029,VINYLINDIA.NS,286.8999938964844,yfinance
2025-04-24,INE450G01024,VIPCLOTHNG.NS,38.22999954223633,yfinance
2025-04-24,INE054A01027,VIPIND.NS,294.6000061035156,yfinance
2025-04-24,INE946H01037,VIPULLTD.NS,12.4399995803833,yfinance
2025-04-24,INE392A01013,VISAKAIND.NS,64.05000305175781,yfinance
2025-04-24,INE286H01012,VISASTEEL.NS,38.720001220703125,yfinance
2025-04-24,INE270I01014,VISHNU.NS,433.5,yfinance
2025-04-24,INE430N01014,VISHWARAJ.NS,9.699999809265137,yfinance
2025-04-24,INE370E01029,VIVIDHA.NS,0.8899999856948853,yfinance
2025-04-24,INE709A01018,VLSFINANCE.NS,262.45001220703125,yfinance
2025-04-24,INE665J01013,VMART.NS,3275.60009765625,yfinance
2025-04-24,INE540H01012,VOLTAMP.NS,7812.0,yfinance
2025-04-24,INE226A01021,VOLTAS.NS,1299.0,yfinance
2025-04-24,INE366I01010,VRLLOG.NS,482.29998779296875,yfinance
2025-04-24,INE050M01012,VSSL.NS,248.94000244140625,yfinance
2025-04-24,INE710A01016,VSTIND.NS,328.04998779296875,yfinance
2025-04-24,INE764D01017,VSTTILLERS.NS,3853.300048828125,yfinance
2025-04-24,INE825A01012,VTL.NS,497.6499938964844,yfinance
2025-04-24,INE956G01038,WABAG.NS,1439.5,yfinance
2025-04-24,INE711A01022,WALCHANNAG.NS,194.57000732421875,yfinance
2025-04-24,INE107F01022,WANBURY.NS,283.7799987792969,yfinance
2025-04-24,INE855C01015,WEBELSOLAR.NS,1531.5,yfinance
2025-04-24,INE080A01014,WEIZMANIND.NS,117.31999969482422,yfinance
2025-04-24,INE191B01025,WELCORP.NS,768.9000244140625,yfinance
2025-04-24,INE625G01013,WELENT.NS,499.3500061035156,yfinance
2025-04-24,INE389K01018,WELINV.NS,871.3499755859375,yfinance
2025-04-24,INE274C01019,WENDT.NS,10949.5,yfinance
2025-04-24,INE274F01020,WESTLIFE.NS,719.1500244140625,yfinance
2025-04-24,INE715A01015,WHEELS.NS,696.5999755859375,yfinance
2025-04-24,INE716A01013,WHIRLPOOL.NS,1088.699951171875,yfinance
2025-04-24,INE210A01017,WILLAMAGOR.NS,31.309999465942383,yfinance
2025-04-24,INE052A01021,WINDMACHIN.NS,325.95001220703125,yfinance
2025-04-24,INE215F01023,WIPL.NS,152.99000549316406,yfinance
2025-04-24,INE075A01022,WIPRO.NS,243.60000610351562,yfinance
2025-04-24,INE049B01025,WOCKPHARMA.NS,1414.5999755859375,yfinance
2025-04-24,INE066O01014,WONDERLA.NS,707.4000244140625,yfinance
2025-04-24,INE196Y01018,WORTH.NS,154.72000122070312,yfinance
2025-04-24,INE100D01014,WSI.NS,67.73999786376953,yfinance
2025-04-24,INE976A01021,WSTCSTPAPR.NS,447.3500061035156,yfinance
2025-04-24,INE692G01013,XCHANGING.NS,93.41000366210938,yfinance
2025-04-24,INE01P501012,XELPMOC.NS,113.86000061035156,yfinance
2025-04-24,INE445C01015,XPROINDIA.NS,1130.5999755859375,yfinance
2025-04-24,INE528G01035,YESBANK.NS,18.420000076293945,yfinance
2025-04-24,INE256A01028,ZEEL.NS,114.58999633789062,yfinance
2025-04-24,INE565L01011,ZEELEARN.NS,6.869999885559082,yfinance
2025-04-24,INE966H01019,ZEEMEDIA.NS,14.970000267028809,yfinance
2025-04-24,INE058B01018,ZENITHEXPO.NS,287.1300048828125,yfinance
2025-04-24,INE318D01020,ZENITHSTL.NS,7.050000190734863,yfinance
2025-04-24,INE520A01027,ZENSARTECH.NS,691.2999877929688,yfinance
2025-04-24,INE251B01027,ZENTEC.NS,1439.0,yfinance
2025-04-24,INE206B01013,ZODIACLOTH.NS,100.27999877929688,yfinance
2025-04-24,INE358U01012,ZOTA.NS,864.2999877929688,yfinance
2025-04-24,INE840M01016,ZUARI.NS,229.00999450683594,yfinance
2025-04-24,INE768C01010,ZYDUSWELL.NS,1764.5999755859375,yfinance
